id,equipment,position
https://www.muscleandstrength.com/exercises/wide-grip-upright-rows.html,"['bar', 'barbell']",['stand']
https://www.muscleandstrength.com/exercises/barbell-shrug.html,['bar'],['stand']
https://www.muscleandstrength.com/exercises/dumbbell-goblet-squat,['dumbbell'],[]
https://www.muscleandstrength.com/exercises/dumbbell-rear-lunge.html,['dumbbell'],['stand']
https://www.muscleandstrength.com/exercises/dumbbell-split-squat,['dumbbell'],[]
https://www.muscleandstrength.com/exercises/dumbbell-step-up.html,"['dumbbell', 'bench']",['stand']
https://www.muscleandstrength.com/exercises/rear-bodyweight-lunge.html,[],['stand']
https://www.muscleandstrength.com/exercises/smith-machine-squat.html,['bar'],[]
https://www.muscleandstrength.com/exercises/barbell-hack-squat.html,['bar'],['stand']
https://www.muscleandstrength.com/exercises/superman,[],[]
https://www.muscleandstrength.com/exercises/wide-smith-machine-squat.html,['bar'],"['stand', 'sit']"
https://www.muscleandstrength.com/exercises/glute-lacrosse-ball,[],[]
https://www.muscleandstrength.com/exercises/marching-glute-bridge,[],['supine']
https://www.muscleandstrength.com/exercises/glute-kick-back.html,[],[]
https://www.muscleandstrength.com/exercises/single-leg-good-morning,['bar'],['stand']
https://www.muscleandstrength.com/exercises/dumbbell-pullover.html,"['dumbbell', 'bench']",[]
https://www.muscleandstrength.com/exercises/hip-extensions.html,[],['stand']
https://www.muscleandstrength.com/exercises/weighted-inverted-row,[],['sit']
https://www.muscleandstrength.com/exercises/barbell-bench-press.html,['bar'],['lie']
https://www.muscleandstrength.com/exercises/reverse-grip-smith-machine-bent-over-row.html,['bar'],['stand']
https://www.muscleandstrength.com/exercises/weight-vest-weighted-inverted-row,[],['sit']
https://www.muscleandstrength.com/exercises/palm-rotational-row.html,['dumbbell'],[]
https://www.muscleandstrength.com/exercises/cable-crossovers.html,[],[]
https://www.muscleandstrength.com/exercises/palms-in-bent-over-dumbbell-row.html,['dumbbell'],['stand']
https://www.muscleandstrength.com/exercises/decline-push-up,[],[]
https://www.muscleandstrength.com/exercises/floor-bench-press.html,['barbell'],"['sit', 'lay']"
https://www.muscleandstrength.com/exercises/lying-medicine-ball-power-drop,[],"['stand', 'supine']"
https://www.muscleandstrength.com/exercises/foam-rolling-pecs,[],[]
https://www.muscleandstrength.com/exercises/lying-cable-pullover.html,"['bench', 'cable']","['lay', 'lie']"
https://www.muscleandstrength.com/exercises/band-suspended-kettlebell-bench-press,"['kettlebell', 'bar']",['lie']
https://www.muscleandstrength.com/exercises/rotating-mountain-climber,[],[]
https://www.muscleandstrength.com/exercises/band-resisted-back-squat,['bar'],[]
https://www.muscleandstrength.com/exercises/hanging-knee-raise.html,['bar'],[]
https://www.muscleandstrength.com/exercises/abdominal-air-bike.html,[],"['supine', 'lay']"
https://www.muscleandstrength.com/exercises/1-kb-kettlebell-clean-and-press,['kettlebell'],[]
https://www.muscleandstrength.com/exercises/side-crunch-with-leg-lift.html,[],['lay']
https://www.muscleandstrength.com/exercises/twisting-bench-crunch.html,[],['lay']
https://www.muscleandstrength.com/exercises/exercise-ball-dead-bug,['physioball'],['supine']
https://www.muscleandstrength.com/exercises/twisting-floor-crunch.html,[],['lie']
https://www.muscleandstrength.com/exercises/frog-sit-up,[],"['supine', 'lay']"
https://www.muscleandstrength.com/exercises/glute-bridge-pallof-press,['cable'],['supine']
https://www.muscleandstrength.com/exercises/bench-jack-knife.html,[],['lay']
https://www.muscleandstrength.com/exercises/double-arm-sled-row,[],[]
https://www.muscleandstrength.com/exercises/high-pull-sled-drag,[],[]
https://www.muscleandstrength.com/exercises/banded-machine-t-bar-row,[],['lie']
https://www.muscleandstrength.com/exercises/worlds-greatest-stretch,[],['stand']
https://www.muscleandstrength.com/exercises/thoracic-extension-on-foam-roller,[],['supine']
https://www.muscleandstrength.com/exercises/incline-bench-barbell-row.html,"['bar', 'barbell', 'bench']",['lay']
https://www.muscleandstrength.com/exercises/reverse-grip-incline-bench-cable-row.html,"['bar', 'bench', 'cable']",[]
https://www.muscleandstrength.com/exercises/yoga-plex,[],['stand']
https://www.muscleandstrength.com/exercises/push-up-plus,[],[]
https://www.muscleandstrength.com/exercises/pec-minor-dip,[],[]
https://www.muscleandstrength.com/exercises/1-leg-pushup.html,[],[]
https://www.muscleandstrength.com/exercises/one-arm-kettlebell-bench-press,['kettlebell'],['lay']
https://www.muscleandstrength.com/exercises/reverse-grip-bench-press.html,"['bar', 'bench']",['lay']
https://www.muscleandstrength.com/exercises/bird-dog-push-up,[],[]
https://www.muscleandstrength.com/exercises/chain-fly,[],['lay']
https://www.muscleandstrength.com/exercises/standing-pvc-pec-mobilization,[],['stand']
https://www.muscleandstrength.com/exercises/valslide-push-up,[],[]
https://www.muscleandstrength.com/exercises/smith-machine-wide-grip-bench-press.html,"['bar', 'bench']",['lay']
https://www.muscleandstrength.com/exercises/alternate-incline-dumbbell-flys.html,"['dumbbell', 'bench']","['sit', 'lay']"
https://www.muscleandstrength.com/exercises/incline-dumbbell-twist-fly,['dumbbell'],"['sit', 'lay']"
https://www.muscleandstrength.com/exercises/alternating-medicine-ball-push-up,[],[]
https://www.muscleandstrength.com/exercises/reverse-grip-incline-push-up,['bench'],[]
https://www.muscleandstrength.com/exercises/knee-pushups.html,[],[]
https://www.muscleandstrength.com/exercises/single-leg-medicine-ball-chest-pass-wall-tap,[],[]
https://www.muscleandstrength.com/exercises/decline-weighted-twist.html,['bench'],['sit']
https://www.muscleandstrength.com/exercises/lower-abdominal-hip-roll.html,[],['lay']
https://www.muscleandstrength.com/exercises/standing-oblique-cable-crunch.html,[],['stand']
https://www.muscleandstrength.com/exercises/bottoms-up-kettlebell-turkish-get-up-to-knee,['kettlebell'],"['sit', 'supine', 'lie']"
https://www.muscleandstrength.com/exercises/chair-knee-raise.html,['chair'],[]
https://www.muscleandstrength.com/exercises/barbell-side-bends.html,['bar'],['sit']
https://www.muscleandstrength.com/exercises/turkish-get-up-to-hand,"['kettlebell', 'kettle']","['sit', 'supine', 'lie']"
https://www.muscleandstrength.com/exercises/bird-dog-with-band-rnt,[],[]
https://www.muscleandstrength.com/exercises/half-kneeling-adductor-pallof-press,['cable'],[]
https://www.muscleandstrength.com/exercises/decline-leg-raise-with-hip-thrust.html,['bench'],['lay']
https://www.muscleandstrength.com/exercises/band-alphabet,[],[]
https://www.muscleandstrength.com/exercises/twisting-decline-sit-up.html,['bench'],['lay']
https://www.muscleandstrength.com/exercises/decline-abdominal-reach.html,['bench'],[]
https://www.muscleandstrength.com/exercises/decline-cable-knee-raise.html,"['bench', 'cable']",['lay']
https://www.muscleandstrength.com/exercises/seated-dumbbell-side-bends.html,[],['sit']
https://www.muscleandstrength.com/exercises/half-kneeling-pallof-press,['cable'],[]
https://www.muscleandstrength.com/exercises/medicine-ball-rollouts,[],[]
https://www.muscleandstrength.com/exercises/standing-cable-crunch.html,['cable'],['stand']
https://www.muscleandstrength.com/exercises/bottoms-up-kettlebell-turkish-get-up-to-hand,['kettlebell'],"['sit', 'supine', 'lie']"
https://www.muscleandstrength.com/exercises/weighted-exercise-ball-sit-up.html,[],['sit']
https://www.muscleandstrength.com/exercises/lying-leg-raise-with-hip-thrust.html,['bench'],"['sit', 'lay', 'lie']"
https://www.muscleandstrength.com/exercises/straight-leg-dead-bug,[],['supine']
https://www.muscleandstrength.com/exercises/exercise-ball-hip-roll.html,[],['lay']
https://www.muscleandstrength.com/exercises/weighted-hanging-knee-raise.html,"['bar', 'dumbbell']",['sit']
https://www.muscleandstrength.com/exercises/ipsilateral-bird-dog,[],[]
https://www.muscleandstrength.com/exercises/wall-press-straight-leg-extension,[],['supine']
https://www.muscleandstrength.com/exercises/decline-bench-cable-crunch.html,['bench'],[]
https://www.muscleandstrength.com/exercises/shoulder-taps,[],[]
https://www.muscleandstrength.com/exercises/medicine-ball-dead-bug,['physioball'],['supine']
https://www.muscleandstrength.com/exercises/dead-bug-with-plates,[],['supine']
https://www.muscleandstrength.com/exercises/seated-barbell-twist.html,[],['sit']
https://www.muscleandstrength.com/exercises/floor-barbell-twist.html,[],[]
https://www.muscleandstrength.com/exercises/wall-press-heel-tap,[],['supine']
https://www.muscleandstrength.com/exercises/abdominal-pendulum.html,[],['lay']
https://www.muscleandstrength.com/exercises/knee-tuck-to-heel-raise,[],"['supine', 'lay']"
https://www.muscleandstrength.com/exercises/lying-cable-crunch.html,[],['lay']
https://www.muscleandstrength.com/exercises/weighted-chair-knee-raise.html,['dumbbell'],['sit']
https://www.muscleandstrength.com/exercises/contralateral-bird-dog,[],[]
https://www.muscleandstrength.com/exercises/decline-bench-alternate-leg-raise.html,['bench'],['lay']
https://www.muscleandstrength.com/exercises/bottoms-up-kettlebell-turkish-get-up,['kettlebell'],"['sit', 'stand', 'supine', 'lie']"
https://www.muscleandstrength.com/exercises/chair-twisting-knee-raise.html,[],[]
https://www.muscleandstrength.com/exercises/reverse-crunch-to-dead-bug,['kettlebell'],['supine']
https://www.muscleandstrength.com/exercises/3-month-position-kettlebell-pullover,['kettlebell'],['supine']
https://www.muscleandstrength.com/exercises/wide-stance-cable-anti-rotation,['cable'],[]
https://www.muscleandstrength.com/exercises/upper-body-band-resisted-dead-bug,[],['supine']
https://www.muscleandstrength.com/exercises/one-leg-lying-cable-knee-raise.html,"['bench', 'cable']","['sit', 'lay', 'lie']"
https://www.muscleandstrength.com/exercises/alternate-reach-and-catch.html,[],['lay']
https://www.muscleandstrength.com/exercises/lying-pallof-press,['cable'],['supine']
https://www.muscleandstrength.com/exercises/wall-press-90-90-extension,[],['supine']
https://www.muscleandstrength.com/exercises/weighted-side-touches.html,['bench'],['lay']
https://www.muscleandstrength.com/exercises/lying-alternate-knee-raise.html,[],['lay']
https://www.muscleandstrength.com/exercises/kettlebell-windmill,['kettlebell'],['stand']
https://www.muscleandstrength.com/exercises/twisting-cable-crunch.html,[],['stand']
https://www.muscleandstrength.com/exercises/split-stance-pallof-press,['cable'],[]
https://www.muscleandstrength.com/exercises/valslide-body-saw,[],[]
https://www.muscleandstrength.com/exercises/swiss-ball-hover.html,[],[]
https://www.muscleandstrength.com/exercises/decline-bench-knee-raise.html,['bench'],['lay']
https://www.muscleandstrength.com/exercises/tall-kneeling-push-pull,['cable'],[]
https://www.muscleandstrength.com/exercises/twisting-lying-cable-crunch.html,[],['lay']
https://www.muscleandstrength.com/exercises/kneeling-dumbbell-hold-to-stand,[],['stand']
https://www.muscleandstrength.com/exercises/lying-cable-knee-raise.html,"['bench', 'cable']","['sit', 'lay', 'lie']"
https://www.muscleandstrength.com/exercises/dragon-flag,['bench'],['supine']
https://www.muscleandstrength.com/exercises/horizontal-leg-raise.html,[],[]
https://www.muscleandstrength.com/exercises/seated-cable-crunch.html,"['bench', 'cable']","['stand', 'sit']"
https://www.muscleandstrength.com/exercises/stir-the-pot-on-exercise-ball,['physioball'],[]
https://www.muscleandstrength.com/exercises/lower-body-band-resistance-dead-bug,[],['supine']
https://www.muscleandstrength.com/exercises/hands-overhead-ab-crunch,[],"['supine', 'lay']"
https://www.muscleandstrength.com/exercises/reach-and-catch.html,[],['lay']
https://www.muscleandstrength.com/exercises/half-kneeling-push-pull,['cable'],[]
https://www.muscleandstrength.com/exercises/exercise-ball-leg-tuck.html,[],[]
https://www.muscleandstrength.com/exercises/decline-bench-leg-raise.html,['bench'],['lay']
https://www.muscleandstrength.com/exercises/weighted-straight-leg-toe-touch,[],"['supine', 'lay']"
https://www.muscleandstrength.com/exercises/barbell-pullover-and-press.html,"['bar', 'barbell']",['lay']
https://www.muscleandstrength.com/exercises/palms-in-incline-dumbbell-bench-press.html,['dumbbell'],"['sit', 'lay']"
https://www.muscleandstrength.com/exercises/eccentric-only-incline-push-up,['bench'],[]
https://www.muscleandstrength.com/exercises/rack-pec-stretch,[],[]
https://www.muscleandstrength.com/exercises/knuckle-push-up,[],[]
https://www.muscleandstrength.com/exercises/self-assisted-straight-bar-dip,[],[]
https://www.muscleandstrength.com/exercises/decline-bench-alternate-knee-raise.html,['bench'],['lay']
https://www.muscleandstrength.com/exercises/swiss-ball-dumbbell-flys.html,['dumbbell'],"['sit', 'lay']"
https://www.muscleandstrength.com/exercises/wide-grip-incline-bench-press,['bar'],['lie']
https://www.muscleandstrength.com/exercises/ring-push-up,[],[]
https://www.muscleandstrength.com/exercises/cross-body-arm-swings,[],[]
https://www.muscleandstrength.com/exercises/alternating-dumbbell-bench-press-exercise-ball,"['physioball', 'dumbbell']",['sit']
https://www.muscleandstrength.com/exercises/lateral-hand-walk-push-up,[],[]
https://www.muscleandstrength.com/exercises/swiss-ball-dumbbell-bench-press.html,"['physioball', 'dumbbell']",['sit']
https://www.muscleandstrength.com/exercises/half-kneeling-pvc-pec-mobilization,[],[]
https://www.muscleandstrength.com/exercises/incline-cable-chest-press,[],"['sit', 'lay']"
https://www.muscleandstrength.com/exercises/ring-fly,[],[]
https://www.muscleandstrength.com/exercises/pec-lacrosse-ball,[],[]
https://www.muscleandstrength.com/exercises/incline-swiss-ball-push-up.html,[],[]
https://www.muscleandstrength.com/exercises/half-kneeling-medicine-ball-chest-pass,[],[]
https://www.muscleandstrength.com/exercises/push-up-to-side-plank,[],[]
https://www.muscleandstrength.com/exercises/spiderman-push-up,[],[]
https://www.muscleandstrength.com/exercises/paused-push-up,[],[]
https://www.muscleandstrength.com/exercises/yoga-push-up,[],[]
https://www.muscleandstrength.com/exercises/wide-reverse-grip-bench-press.html,"['bar', 'bench']",['lay']
https://www.muscleandstrength.com/exercises/dumbbell-twist-press,"['dumbbell', 'bench']","['sit', 'lay']"
https://www.muscleandstrength.com/exercises/fingertip-pushups,[],[]
https://www.muscleandstrength.com/exercises/3-board-bench-press,['bar'],['lie']
https://www.muscleandstrength.com/exercises/swiss-ball-push-up.html,[],[]
https://www.muscleandstrength.com/exercises/muscle-up,['bar'],[]
https://www.muscleandstrength.com/exercises/feet-on-wall-push-up,[],[]
https://www.muscleandstrength.com/exercises/t-push-up,[],[]
https://www.muscleandstrength.com/exercises/decline-cable-chest-press,[],"['sit', 'lay']"
https://www.muscleandstrength.com/exercises/push-up-with-mountain-climber,[],[]
https://www.muscleandstrength.com/exercises/cable-inner-chest-press.html,[],[]
https://www.muscleandstrength.com/exercises/one-arm-bottoms-up-kettlebell-bench-press,['kettlebell'],['lay']
https://www.muscleandstrength.com/exercises/batwing-reverse-sled-drag,[],[]
https://www.muscleandstrength.com/exercises/standing-barbell-twist.html,[],['stand']
https://www.muscleandstrength.com/exercises/lying-heel-touches.html,[],"['supine', 'lay']"
https://www.muscleandstrength.com/exercises/turkish-get-up,"['kettlebell', 'kettle']","['sit', 'stand', 'supine', 'lie']"
https://www.muscleandstrength.com/exercises/pallof-press-with-rotation,['cable'],['stand']
https://www.muscleandstrength.com/exercises/decline-dumbbell-situp.html,['bench'],['sit']
https://www.muscleandstrength.com/exercises/lying-floor-knee-raise.html,[],"['supine', 'lay']"
https://www.muscleandstrength.com/exercises/seated-leg-tucks.html,['bench'],['lay']
https://www.muscleandstrength.com/exercises/dead-bug,[],['supine']
https://www.muscleandstrength.com/exercises/plank-to-hip-raise,[],[]
https://www.muscleandstrength.com/exercises/lying-alternate-floor-leg-raise.html,[],"['lay', 'lie']"
https://www.muscleandstrength.com/exercises/standing-stomach-vacuum,[],['stand']
https://www.muscleandstrength.com/exercises/floor-reach.html,[],"['supine', 'lay']"
https://www.muscleandstrength.com/exercises/hip-thrusts.html,['bench'],['lay']
https://www.muscleandstrength.com/exercises/pallof-press,['cable'],['stand']
https://www.muscleandstrength.com/exercises/toes-in-leg-extension.html,[],['sit']
https://www.muscleandstrength.com/exercises/incline-bench-bodyweight-lunge.html,[],['stand']
https://www.muscleandstrength.com/exercises/wall-ball,[],[]
https://www.muscleandstrength.com/exercises/2-kb-kettlebell-clean-and-press,['kettlebell'],[]
https://www.muscleandstrength.com/exercises/dumbbell-squat-to-bench.html,"['dumbbell', 'bench']",['stand']
https://www.muscleandstrength.com/exercises/quad-tiger-tail,[],[]
https://www.muscleandstrength.com/exercises/deep-front-squats,['bar'],['sit']
https://www.muscleandstrength.com/exercises/anderson-squat,['bar'],[]
https://www.muscleandstrength.com/exercises/clean,['bar'],[]
https://www.muscleandstrength.com/exercises/weighted-swiss-ball-wall-squat.html,['dumbbell'],['stand']
https://www.muscleandstrength.com/exercises/one-leg-hack-squat.html,['bar'],['stand']
https://www.muscleandstrength.com/exercises/alternate-straight-leg-lowering,[],['supine']
https://www.muscleandstrength.com/exercises/swiss-ball-crunch.html,[],['sit']
https://www.muscleandstrength.com/exercises/ipsilateral-load-split-squat,[],[]
https://www.muscleandstrength.com/exercises/floor-crunch-legs-on-bench.html,[],['lay']
https://www.muscleandstrength.com/exercises/barbell-side-split-squat.html,"['bar', 'barbell']",['stand']
https://www.muscleandstrength.com/exercises/dumbbell-split-jump.html,[],['stand']
https://www.muscleandstrength.com/exercises/kettlebell-walking-lunge,[],['stand']
https://www.muscleandstrength.com/exercises/reverse-band-box-squat,['bar'],[]
https://www.muscleandstrength.com/exercises/walking-quad-stretch-to-overhead-lunge,[],[]
https://www.muscleandstrength.com/exercises/smith-machine-squat-to-bench.html,"['bar', 'bench']","['stand', 'sit']"
https://www.muscleandstrength.com/exercises/weighted-sissy-squat.html,[],['stand']
https://www.muscleandstrength.com/exercises/clean-and-jerk,['bar'],['stand']
https://www.muscleandstrength.com/exercises/prisoner-jump-squat,[],[]
https://www.muscleandstrength.com/exercises/low-bar-back-squat,['bar'],[]
https://www.muscleandstrength.com/exercises/kettlebell-thruster,['kettlebell'],[]
https://www.muscleandstrength.com/exercises/bodyweight-wall-squat.html,[],[]
https://www.muscleandstrength.com/exercises/reverse-band-back-squat,['bar'],[]
https://www.muscleandstrength.com/exercises/squat-to-stand-w-t-spine-rotation,[],['stand']
https://www.muscleandstrength.com/exercises/kettlebell-lateral-lunge,['kettlebell'],[]
https://www.muscleandstrength.com/exercises/abdominal-barbell-rollouts.html,['barbell'],[]
https://www.muscleandstrength.com/exercises/dumbbell-side-bends.html,[],['stand']
https://www.muscleandstrength.com/exercises/twisting-hanging-knee-raise.html,[],[]
https://www.muscleandstrength.com/exercises/2-kb-kettlebell-clean,['kettlebell'],[]
https://www.muscleandstrength.com/exercises/resistance-banded-dumbbell-bench-press,"['dumbbell', 'bench']","['sit', 'lay']"
https://www.muscleandstrength.com/exercises/ab-crunch,[],"['supine', 'lay']"
https://www.muscleandstrength.com/exercises/russian-twist.html,[],['lay']
https://www.muscleandstrength.com/exercises/decline-situp.html,['bench'],['sit']
https://www.muscleandstrength.com/exercises/palms-in-dumbbell-bench-press.html,"['dumbbell', 'bench']","['sit', 'lay']"
https://www.muscleandstrength.com/exercises/incline-cable-flys.html,"['bench', 'cable']","['sit', 'lay']"
https://www.muscleandstrength.com/exercises/cable-underhand-pull-down.html,"['bar', 'bench']",['sit']
https://www.muscleandstrength.com/exercises/lying-barbell-curl-on-incline-bench.html,"['barbell', 'bench']",['lay']
https://www.muscleandstrength.com/exercises/standing-dumbbell-drag-curl,['dumbbell'],[]
https://www.muscleandstrength.com/exercises/incline-bench-dumbbell-curl.html,"['dumbbell', 'bench']",[]
https://www.muscleandstrength.com/exercises/close-grip-cable-curl.html,"['bar', 'cable']",['stand']
https://www.muscleandstrength.com/exercises/alternate-seated-hammer-curl.html,['dumbbell'],['sit']
https://www.muscleandstrength.com/exercises/seated-barbell-curl.html,"['barbell', 'bench']",['sit']
https://www.muscleandstrength.com/exercises/double-jump-jump-ropes,[],[]
https://www.muscleandstrength.com/exercises/hack-calf-raise.html,[],['stand']
https://www.muscleandstrength.com/exercises/peroneal-tiger-tail,[],[]
https://www.muscleandstrength.com/exercises/one-leg-smith-machine-seated-calf-raise.html,['bar'],['sit']
https://www.muscleandstrength.com/exercises/exercise-ball-on-the-wall-calf-raise.html,['dumbbell'],[]
https://www.muscleandstrength.com/exercises/rocking-standing-calf-raise.html,['barbell'],['stand']
https://www.muscleandstrength.com/exercises/posterior-calf-tiger-tail,[],[]
https://www.muscleandstrength.com/exercises/one-arm-dumbbell-bench-press.html,"['dumbbell', 'bench']",['sit']
https://www.muscleandstrength.com/exercises/alternate-dumbbell-bench-press-high-start.html,"['dumbbell', 'bench']","['sit', 'lay']"
https://www.muscleandstrength.com/exercises/wall-push-up,[],['stand']
https://www.muscleandstrength.com/exercises/decline-smith-machine-bench-press.html,['bar'],['lie']
https://www.muscleandstrength.com/exercises/smith-machine-seated-toe-raise.html,['bar'],['sit']
https://www.muscleandstrength.com/exercises/dumbbell-twist-fly,"['dumbbell', 'bench']","['sit', 'lay']"
https://www.muscleandstrength.com/exercises/decline-dumbbell-twist-fly,['dumbbell'],"['sit', 'lay']"
https://www.muscleandstrength.com/exercises/rotational-grip-dumbbell-bench-press,"['dumbbell', 'bench']","['sit', 'lay']"
https://www.muscleandstrength.com/exercises/reverse-grip-incline-bench-press.html,"['bar', 'barbell', 'bench']",['lay']
https://www.muscleandstrength.com/exercises/kettlebell-push-up,[],[]
https://www.muscleandstrength.com/exercises/palms-in-decline-dumbbell-bench-press.html,['dumbbell'],"['sit', 'lay']"
https://www.muscleandstrength.com/exercises/push-up-jacks,[],[]
https://www.muscleandstrength.com/exercises/wide-grip-decline-bench-press,['bar'],['lie']
https://www.muscleandstrength.com/exercises/eccentric-only-push-up,[],[]
https://www.muscleandstrength.com/exercises/twisting-standing-dumbbell-curl.html,['dumbbell'],['stand']
https://www.muscleandstrength.com/exercises/swiss-ball-preacher-curl.html,['barbell'],[]
https://www.muscleandstrength.com/exercises/hammer-bar-preacher-curl.html,['bar'],['sit']
https://www.muscleandstrength.com/exercises/wide-grip-cable-curl.html,"['bar', 'cable']",['stand']
https://www.muscleandstrength.com/exercises/one-arm-prone-dumbbell-curl.html,['dumbbell'],[]
https://www.muscleandstrength.com/exercises/one-arm-preacher-curl.html,['dumbbell'],['sit']
https://www.muscleandstrength.com/exercises/toes-in-standing-machine-calf-raise,[],[]
https://www.muscleandstrength.com/exercises/one-arm-prone-hammer-dumbbell-curl.html,['dumbbell'],[]
https://www.muscleandstrength.com/exercises/skipping-jump-rope,[],[]
https://www.muscleandstrength.com/exercises/wide-grip-ez-bar-curl.html,[],[]
https://www.muscleandstrength.com/exercises/floor-calf-raise.html,[],['stand']
https://www.muscleandstrength.com/exercises/unilateral-circle-jump-rope,[],[]
https://www.muscleandstrength.com/exercises/toes-in-smith-machine-calf-raise.html,['bar'],['stand']
https://www.muscleandstrength.com/exercises/lying-wide-dumbbell-curl.html,[],"['lay', 'lie']"
https://www.muscleandstrength.com/exercises/banded-tibialis-raise,['kettlebell'],[]
https://www.muscleandstrength.com/exercises/toes-out-standing-calf-raise,[],[]
https://www.muscleandstrength.com/exercises/cable-concentration-curl.html,"['bar', 'cable']",['sit']
https://www.muscleandstrength.com/exercises/two-arm-cable-curl.html,['cable'],['stand']
https://www.muscleandstrength.com/exercises/one-arm-dumbbell-hammer-preacher-curl.html,['dumbbell'],['sit']
https://www.muscleandstrength.com/exercises/prone-incline-hammer-curl.html,['dumbbell'],[]
https://www.muscleandstrength.com/exercises/two-arm-cable-curl-on-incline-bench.html,['bench'],['lay']
https://www.muscleandstrength.com/exercises/incline-hammer-curl.html,"['dumbbell', 'bench']","['sit', 'lay']"
https://www.muscleandstrength.com/exercises/squatting-cable-curl.html,"['bar', 'cable']",['stand']
https://www.muscleandstrength.com/exercises/close-grip-ez-bar-curl.html,['bar'],['stand']
https://www.muscleandstrength.com/exercises/seated-cable-curl.html,"['bar', 'cable']",['sit']
https://www.muscleandstrength.com/exercises/barbell-hammer-curl.html,['bar'],['stand']
https://www.muscleandstrength.com/exercises/swiss-ball-dumbbell-curl.html,['dumbbell'],['sit']
https://www.muscleandstrength.com/exercises/incline-bench-hammer-curl.html,"['dumbbell', 'bench']",[]
https://www.muscleandstrength.com/exercises/seated-hammer-curl.html,['dumbbell'],['sit']
https://www.muscleandstrength.com/exercises/lying-cable-curl-floor.html,['bar'],"['sit', 'lay', 'lie']"
https://www.muscleandstrength.com/exercises/seated-dumbbell-reverse-curl,['dumbbell'],[]
https://www.muscleandstrength.com/exercises/rope-cable-preacher-curl.html,"['bar', 'bench', 'cable']",['sit']
https://www.muscleandstrength.com/exercises/bicep-curl-sled-drag,[],[]
https://www.muscleandstrength.com/exercises/lying-high-pulley-cable-curl.html,"['bar', 'bench', 'cable']","['sit', 'lay', 'lie']"
https://www.muscleandstrength.com/exercises/zottman-preacher-curl.html,[],['sit']
https://www.muscleandstrength.com/exercises/one-arm-standing-dumbbell-curl.html,['dumbbell'],['stand']
https://www.muscleandstrength.com/exercises/alternate-incline-hammer-curl.html,"['dumbbell', 'bench']","['sit', 'lay']"
https://www.muscleandstrength.com/exercises/one-arm-seated-hammer-curl.html,['dumbbell'],['sit']
https://www.muscleandstrength.com/exercises/barbell-concentration-curl.html,['barbell'],['sit']
https://www.muscleandstrength.com/exercises/alternate-dumbbell-hammer-preacher-curl.html,['dumbbell'],['sit']
https://www.muscleandstrength.com/exercises/alternate-dumbbell-preacher-curl.html,['dumbbell'],['sit']
https://www.muscleandstrength.com/exercises/lying-high-pulley-close-grip-cable-curl.html,"['bar', 'bench', 'cable']","['sit', 'lay', 'lie']"
https://www.muscleandstrength.com/exercises/decline-cable-flys.html,"['bench', 'cable']","['sit', 'lay']"
https://www.muscleandstrength.com/exercises/tall-kneeling-medicine-ball-chest-pass,[],[]
https://www.muscleandstrength.com/exercises/1-board-bench-press,['bar'],['lie']
https://www.muscleandstrength.com/exercises/cable-chest-press.html,[],[]
https://www.muscleandstrength.com/exercises/plyometric-clapping-push-up,[],[]
https://www.muscleandstrength.com/exercises/straight-bar-dip,[],[]
https://www.muscleandstrength.com/exercises/alternate-dumbbell-flys.html,['dumbbell'],"['sit', 'lay']"
https://www.muscleandstrength.com/exercises/incline-push-ups.html,['bench'],[]
https://www.muscleandstrength.com/exercises/bosu-ball-push-up,[],[]
https://www.muscleandstrength.com/exercises/wide-grip-push-ups.html,[],[]
https://www.muscleandstrength.com/exercises/flat-bench-cable-flys.html,[],"['sit', 'lay']"
https://www.muscleandstrength.com/exercises/guillotine-press.html,"['bar', 'barbell', 'bench']",['lay']
https://www.muscleandstrength.com/exercises/wide-grip-bench-press.html,['bar'],['lie']
https://www.muscleandstrength.com/exercises/alternating-single-leg-jump-rope,[],[]
https://www.muscleandstrength.com/exercises/hover.html,[],['lay']
https://www.muscleandstrength.com/exercises/sit-up.html,[],"['supine', 'lay']"
https://www.muscleandstrength.com/exercises/side-hover.html,[],['lay']
https://www.muscleandstrength.com/exercises/standing-alternate-dumbbell-reverse-curl.html,['dumbbell'],['stand']
https://www.muscleandstrength.com/exercises/one-arm-reverse-dumbbell-preacher-curl.html,['dumbbell'],['sit']
https://www.muscleandstrength.com/exercises/fat-gripz-dumbbell-farmers-carry,['dumbbell'],[]
https://www.muscleandstrength.com/exercises/lying-floor-leg-raise.html,[],"['supine', 'lay']"
https://www.muscleandstrength.com/exercises/zercher-carry,['bar'],['stand']
https://www.muscleandstrength.com/exercises/dumbbell-wrist-curl.html,['dumbbell'],['sit']
https://www.muscleandstrength.com/exercises/shoulder-tap-push-up,[],[]
https://www.muscleandstrength.com/exercises/prone-incline-dumbbell-curl.html,['dumbbell'],[]
https://www.muscleandstrength.com/exercises/barbell-pullover.html,"['bar', 'barbell', 'bench']",[]
https://www.muscleandstrength.com/exercises/one-arm-dumbbell-fly,"['dumbbell', 'bench']","['sit', 'lay']"
https://www.muscleandstrength.com/exercises/smith-machine-bench-press.html,['bar'],['lay']
https://www.muscleandstrength.com/exercises/plyometric-push-up,[],[]
https://www.muscleandstrength.com/exercises/deep-push-ups.html,['bench'],[]
https://www.muscleandstrength.com/exercises/2-board-bench-press,['bar'],['lie']
https://www.muscleandstrength.com/exercises/cable-drag-curl.html,"['bar', 'cable']",['stand']
https://www.muscleandstrength.com/exercises/one-arm-seated-dumbbell-curl.html,['dumbbell'],['sit']
https://www.muscleandstrength.com/exercises/alternate-standing-hammer-curl.html,['dumbbell'],['stand']
https://www.muscleandstrength.com/exercises/seated-zottman-curl,"['dumbbell', 'bench']",[]
https://www.muscleandstrength.com/exercises/dumbbell-hammer-preacher-curl.html,[],['sit']
https://www.muscleandstrength.com/exercises/alternate-incline-dumbbell-curl.html,"['dumbbell', 'bench']","['sit', 'lay']"
https://www.muscleandstrength.com/exercises/wide-grip-standing-barbell-curl.html,['barbell'],[]
https://www.muscleandstrength.com/exercises/barbell-drag-curl.html,"['bar', 'barbell']",[]
https://www.muscleandstrength.com/exercises/smith-machine-bicep-curl.html,['bar'],['stand']
https://www.muscleandstrength.com/exercises/one-leg-donkey-calf-raise.html,[],"['stand', 'sit']"
https://www.muscleandstrength.com/exercises/gironda-sternum-chin-up,['bar'],[]
https://www.muscleandstrength.com/exercises/around-the-bar-chin-up,['bar'],[]
https://www.muscleandstrength.com/exercises/one-arm-standing-hammer-curl.html,['dumbbell'],['stand']
https://www.muscleandstrength.com/exercises/single-leg-side-to-side-jump-rope,[],[]
https://www.muscleandstrength.com/exercises/dumbbell-reverse-preacher-curl.html,['dumbbell'],['sit']
https://www.muscleandstrength.com/exercises/grip-ball-pull-up,[],[]
https://www.muscleandstrength.com/exercises/reverse-grip-seated-cable-wrist-curl.html,"['bar', 'cable']",['sit']
https://www.muscleandstrength.com/exercises/chin-up-with-leg-raise,['bar'],[]
https://www.muscleandstrength.com/exercises/standing-one-arm-dumbbell-reverse-curl.html,['dumbbell'],['stand']
https://www.muscleandstrength.com/exercises/dumbbell-high-low-carry,['dumbbell'],['stand']
https://www.muscleandstrength.com/exercises/wide-grip-chin-up.html,['bar'],[]
https://www.muscleandstrength.com/exercises/overhead-medicine-ball-figure-8-slam,[],[]
https://www.muscleandstrength.com/exercises/single-pause-pull-up,[],[]
https://www.muscleandstrength.com/exercises/forearm-tiger-tail,[],[]
https://www.muscleandstrength.com/exercises/reverse-concentration-curl.html,['dumbbell'],['sit']
https://www.muscleandstrength.com/exercises/barbell-suitcase-carry,"['bar', 'barbell']",['stand']
https://www.muscleandstrength.com/exercises/one-arm-reverse-dumbbell-wrist-curl-over-bench.html,['dumbbell'],[]
https://www.muscleandstrength.com/exercises/trap-bar-overhead-carry,['bar'],[]
https://www.muscleandstrength.com/exercises/reverse-barbell-wrist-curl.html,"['bar', 'barbell']",['sit']
https://www.muscleandstrength.com/exercises/overhead-barbell-carry,['bar'],[]
https://www.muscleandstrength.com/exercises/reverse-dumbbell-wrist-curl.html,['dumbbell'],['sit']
https://www.muscleandstrength.com/exercises/seated-neutral-dumbbell-wrist-curl.html,['dumbbell'],['sit']
https://www.muscleandstrength.com/exercises/band-assisted-chin-up-from-knee,['bar'],[]
https://www.muscleandstrength.com/exercises/single-leg-overhead-medicine-ball-wall-tap,[],[]
https://www.muscleandstrength.com/exercises/l-sit-pull-up,[],[]
https://www.muscleandstrength.com/exercises/weighted-chin-up-hang,"['bar', 'belt']",[]
https://www.muscleandstrength.com/exercises/rope-pull-up.html,[],['stand']
https://www.muscleandstrength.com/exercises/skin-the-cat,[],['stand']
https://www.muscleandstrength.com/exercises/mixed-grip-chin-up,['bar'],[]
https://www.muscleandstrength.com/exercises/overhand-close-grip-lat-pull-down.html,['bar'],['sit']
https://www.muscleandstrength.com/exercises/band-resisted-chin-up,"['bar', 'dumbbell']",[]
https://www.muscleandstrength.com/exercises/double-pause-chin-up,['bar'],[]
https://www.muscleandstrength.com/exercises/rope-climb,[],[]
https://www.muscleandstrength.com/exercises/standing-overhead-medicine-ball-throw,[],[]
https://www.muscleandstrength.com/exercises/eccentric-only-chin-up,['bar'],[]
https://www.muscleandstrength.com/exercises/one-arm-neutral-dumbbell-wrist-curl-over-bench.html,['dumbbell'],[]
https://www.muscleandstrength.com/exercises/l-sit-chin-up,['bar'],[]
https://www.muscleandstrength.com/exercises/one-arm-seated-reverse-dumbbell-wrist-curl.html,['dumbbell'],['sit']
https://www.muscleandstrength.com/exercises/weighted-chest-dip.html,"['bar', 'belt']",[]
https://www.muscleandstrength.com/exercises/standing-high-pulley-cable-curl.html,['cable'],['stand']
https://www.muscleandstrength.com/exercises/cable-calf-raise.html,['belt'],[]
https://www.muscleandstrength.com/exercises/foam-rolling-posterior-calf,[],[]
https://www.muscleandstrength.com/exercises/single-leg-jump-rope,[],[]
https://www.muscleandstrength.com/exercises/one-arm-cable-curl.html,[],['stand']
https://www.muscleandstrength.com/exercises/smith-machine-toe-raise.html,['bar'],['stand']
https://www.muscleandstrength.com/exercises/smith-machine-one-leg-calf-raise.html,['bar'],[]
https://www.muscleandstrength.com/exercises/knee-break-ankle-mobilization,[],[]
https://www.muscleandstrength.com/exercises/one-arm-chin-up,['bar'],[]
https://www.muscleandstrength.com/exercises/foam-rolling-peroneals,[],['lie']
https://www.muscleandstrength.com/exercises/band-assisted-pull-up-from-foot,['bar'],[]
https://www.muscleandstrength.com/exercises/weighted-pull-up-hang,['belt'],[]
https://www.muscleandstrength.com/exercises/unilateral-front-to-back-jump-rope,[],[]
https://www.muscleandstrength.com/exercises/one-leg-cable-calf-raise.html,['belt'],[]
https://www.muscleandstrength.com/exercises/triple-pause-chin-up,['bar'],[]
https://www.muscleandstrength.com/exercises/foam-rolling-lats,[],['supine']
https://www.muscleandstrength.com/exercises/standing-overhead-medicine-ball-slam,[],[]
https://www.muscleandstrength.com/exercises/behind-neck-lat-pull-down.html,[],[]
https://www.muscleandstrength.com/exercises/thibaudeau-kayak-row,[],['stand']
https://www.muscleandstrength.com/exercises/close-grip-chin-up,['bar'],[]
https://www.muscleandstrength.com/exercises/archer-pull-up,[],[]
https://www.muscleandstrength.com/exercises/pull-up-with-leg-raise,[],[]
https://www.muscleandstrength.com/exercises/arms-only-rope-climb,[],[]
https://www.muscleandstrength.com/exercises/eccentric-only-pull-up,[],[]
https://www.muscleandstrength.com/exercises/rope-lat-pull-down.html,[],['sit']
https://www.muscleandstrength.com/exercises/cable-crunch.html,[],['stand']
https://www.muscleandstrength.com/exercises/adductor-foam-rolling,[],[]
https://www.muscleandstrength.com/exercises/weighted-crunch.html,[],"['supine', 'lay']"
https://www.muscleandstrength.com/exercises/hanging-leg-raise.html,[],[]
https://www.muscleandstrength.com/exercises/cable-hip-adduction.html,['cable'],['stand']
https://www.muscleandstrength.com/exercises/lateral-kneeling-adductor-mobilization,[],[]
https://www.muscleandstrength.com/exercises/deep-squat-prying,['kettlebell'],"['stand', 'sit']"
https://www.muscleandstrength.com/exercises/ez-bar-reverse-grip-preacher-curl.html,"['bar', 'bench']",['sit']
https://www.muscleandstrength.com/exercises/one-arm-dumbbell-wrist-curl-over-bench.html,['dumbbell'],[]
https://www.muscleandstrength.com/exercises/kettlebell-single-arm-racked-carry,['kettlebell'],['stand']
https://www.muscleandstrength.com/exercises/standing-smith-machine-wrist-curl-(behind-back).html,['bar'],['stand']
https://www.muscleandstrength.com/exercises/kettlebell-single-arm-bottoms-up-carry,['kettlebell'],['stand']
https://www.muscleandstrength.com/exercises/field-goal-angel-foam-rolling,[],['supine']
https://www.muscleandstrength.com/exercises/wrist-rollers.html,['bar'],['stand']
https://www.muscleandstrength.com/exercises/decline-dumbbell-flys.html,['dumbbell'],"['sit', 'lay']"
https://www.muscleandstrength.com/exercises/cable-lower-chest-raise.html,[],[]
https://www.muscleandstrength.com/exercises/decline-dumbbell-bench-press.html,['dumbbell'],"['sit', 'lay']"
https://www.muscleandstrength.com/exercises/reverse-dumbbell-bench-press.html,['dumbbell'],"['sit', 'lay']"
https://www.muscleandstrength.com/exercises/hammer-strength-incline-bench-press,['bar'],"['sit', 'lie']"
https://www.muscleandstrength.com/exercises/incline-smith-machine-bench-press.html,"['bar', 'bench']",['lay']
https://www.muscleandstrength.com/exercises/cable-crossovers-bent-over.html,[],[]
https://www.muscleandstrength.com/exercises/push-up.html,[],[]
https://www.muscleandstrength.com/exercises/dumbbell-preacher-curl.html,[],['sit']
https://www.muscleandstrength.com/exercises/standing-dumbbell-reverse-curl.html,['dumbbell'],[]
https://www.muscleandstrength.com/exercises/ez-bar-curl.html,['bar'],['stand']
https://www.muscleandstrength.com/exercises/preacher-cable-curl.html,"['bar', 'bench', 'cable']",['sit']
https://www.muscleandstrength.com/exercises/seated-dumbbell-curl.html,['dumbbell'],['sit']
https://www.muscleandstrength.com/exercises/spider-curl.html,['barbell'],[]
https://www.muscleandstrength.com/exercises/preacher-curl.html,['barbell'],['sit']
https://www.muscleandstrength.com/exercises/smith-machine-one-leg-toe-raise.html,['bar'],[]
https://www.muscleandstrength.com/exercises/foam-rolling-anterior-calf,[],[]
https://www.muscleandstrength.com/exercises/seated-barbell-calf-raise.html,['barbell'],['sit']
https://www.muscleandstrength.com/exercises/posterior-calf-lacrosse-ball,[],[]
https://www.muscleandstrength.com/exercises/jump-rope,[],[]
https://www.muscleandstrength.com/exercises/45-degree-toe-raise.html,[],['sit']
https://www.muscleandstrength.com/exercises/rocking-soleus-emphasis-ankle-mobilization,[],[]
https://www.muscleandstrength.com/exercises/toes-in-seated-calf-raise.html,['bar'],[]
https://www.muscleandstrength.com/exercises/floor-barbell-calf-raise.html,"['bar', 'barbell']",[]
https://www.muscleandstrength.com/exercises/donkey-calf-raise.html,[],"['stand', 'sit']"
https://www.muscleandstrength.com/exercises/reverse-band-sumo-deadlift,['bar'],[]
https://www.muscleandstrength.com/exercises/rack-lat-stretch,[],['sit']
https://www.muscleandstrength.com/exercises/resistance-banded-chin-up-from-foot,['bar'],[]
https://www.muscleandstrength.com/exercises/close-grip-pull-up.html,['bar'],[]
https://www.muscleandstrength.com/exercises/weighted-chin-up,"['bar', 'belt']",[]
https://www.muscleandstrength.com/exercises/band-assisted-pull-up-from-knee,['bar'],[]
https://www.muscleandstrength.com/exercises/underhand-close-grip-lat-pull-down.html,[],['sit']
https://www.muscleandstrength.com/exercises/rope-straight-arm-pull-down,['cable'],['stand']
https://www.muscleandstrength.com/exercises/standing-one-arm-cable-row.html,[],[]
https://www.muscleandstrength.com/exercises/weighted-pull-up,['belt'],[]
https://www.muscleandstrength.com/exercises/alternating-lateral-lunge-with-overhead-reach,[],"['stand', 'sit']"
https://www.muscleandstrength.com/exercises/rocking-frog-stretch,[],[]
https://www.muscleandstrength.com/exercises/hip-adduction-machine.html,[],[]
https://www.muscleandstrength.com/exercises/v-bar-pull-up.html,['bar'],[]
https://www.muscleandstrength.com/exercises/reverse-one-arm-cable-curl.html,['cable'],['stand']
https://www.muscleandstrength.com/exercises/kettlebell-racked-crossover-walk,['kettlebell'],['stand']
https://www.muscleandstrength.com/exercises/smith-machine-seated-wrist-curl.html,['bar'],['sit']
https://www.muscleandstrength.com/exercises/dumbbell-suitcase-carry,['dumbbell'],['stand']
https://www.muscleandstrength.com/exercises/close-grip-dumbbell-press.html,"['dumbbell', 'bench']","['sit', 'lay']"
https://www.muscleandstrength.com/exercises/incline-dumbbell-flys.html,['dumbbell'],"['sit', 'lay']"
https://www.muscleandstrength.com/exercises/decline-bench-press.html,['bar'],['lie']
https://www.muscleandstrength.com/exercises/chest-dip.html,[],[]
https://www.muscleandstrength.com/exercises/cable-crossovers-(upper-chest).html,['cable'],[]
https://www.muscleandstrength.com/exercises/pec-dec.html,[],['sit']
https://www.muscleandstrength.com/exercises/alternate-seated-dumbbell-curl.html,['dumbbell'],['sit']
https://www.muscleandstrength.com/exercises/cable-crossovers-(mid-chest).html,[],[]
https://www.muscleandstrength.com/exercises/rope-cable-curl.html,['cable'],['stand']
https://www.muscleandstrength.com/exercises/hammer-strength-bench-press.html,['bar'],"['sit', 'lie']"
https://www.muscleandstrength.com/exercises/bicep-machine-curl.html,['bar'],['sit']
https://www.muscleandstrength.com/exercises/alternating-standing-dumbbell-curl.html,['dumbbell'],['stand']
https://www.muscleandstrength.com/exercises/hamstring-tiger-tail,[],[]
https://www.muscleandstrength.com/exercises/sumo-block-pull-deadlift,['bar'],[]
https://www.muscleandstrength.com/exercises/2-to-1-exercise-ball-hamstring-curl,['physioball'],['supine']
https://www.muscleandstrength.com/exercises/1-kettlebell-suitcase-deadlift,['kettlebell'],[]
https://www.muscleandstrength.com/exercises/paused-trap-bar-deadlift,['bar'],['stand']
https://www.muscleandstrength.com/exercises/barbell-split-jump.html,"['bar', 'barbell']",['stand']
https://www.muscleandstrength.com/exercises/valslide-leg-curl,[],['supine']
https://www.muscleandstrength.com/exercises/single-leg-landmine-romanian-deadlift,['bar'],['stand']
https://www.muscleandstrength.com/exercises/conventional-deadlift-against-chains,['bar'],[]
https://www.muscleandstrength.com/exercises/banded-glute-ham-raise,[],[]
https://www.muscleandstrength.com/exercises/sumo-deficit-deadlift,['bar'],['stand']
https://www.muscleandstrength.com/exercises/one-leg-lying-cable-hamstring-curl.html,['bench'],['lie']
https://www.muscleandstrength.com/exercises/plate-resisted-glute-ham-raise,[],[]
https://www.muscleandstrength.com/exercises/kickstand-kettle-bell-one-leg-deadlift,[],[]
https://www.muscleandstrength.com/exercises/double-kettlebell-swing,['kettlebell'],[]
https://www.muscleandstrength.com/exercises/paused-sumo-deadlift,['bar'],[]
https://www.muscleandstrength.com/exercises/reeves-deadlift,['bar'],[]
https://www.muscleandstrength.com/exercises/straight-leg-deadlift,['bar'],['stand']
https://www.muscleandstrength.com/exercises/inchworm,[],[]
https://www.muscleandstrength.com/exercises/fat-bar-deadlift,['bar'],[]
https://www.muscleandstrength.com/exercises/single-leg-exercise-ball-leg-curl,['physioball'],['supine']
https://www.muscleandstrength.com/exercises/conventional-block-pull-deadlift,['bar'],[]
https://www.muscleandstrength.com/exercises/banded-sumo-deadlift,['bar'],['stand']
https://www.muscleandstrength.com/exercises/american-deadlift,['bar'],['stand']
https://www.muscleandstrength.com/exercises/foam-rolling-hamstrings,[],[]
https://www.muscleandstrength.com/exercises/deficit-deadlifts,['bar'],['stand']
https://www.muscleandstrength.com/exercises/cable-curl.html,"['bar', 'cable']",['stand']
https://www.muscleandstrength.com/exercises/hammer-curl-across-the-body.html,['dumbbell'],['stand']
https://www.muscleandstrength.com/exercises/concentration-cur.html,['dumbbell'],['sit']
https://www.muscleandstrength.com/exercises/ez-bar-preacher-curl.html,[],['sit']
https://www.muscleandstrength.com/exercises/zottman-curl.html,['dumbbell'],[]
https://www.muscleandstrength.com/exercises/standing-hammer-curl.html,['dumbbell'],['stand']
https://www.muscleandstrength.com/exercises/one-leg-standing-calf-raise.html,[],['stand']
https://www.muscleandstrength.com/exercises/smith-machine-calf-raise.html,['bar'],['stand']
https://www.muscleandstrength.com/exercises/incline-dumbbell-curl.html,"['dumbbell', 'bench']",['sit']
https://www.muscleandstrength.com/exercises/bodyweight-standing-calf-raise.html,[],['stand']
https://www.muscleandstrength.com/exercises/standing-one-leg-calf-raise-with-dumbbell.html,['dumbbell'],['stand']
https://www.muscleandstrength.com/exercises/one-leg-seated-dumbbell-calf-raise.html,['dumbbell'],['sit']
https://www.muscleandstrength.com/exercises/standing-barbell-curl.html,['bar'],['stand']
https://www.muscleandstrength.com/exercises/standing-calf-raise.html,['barbell'],"['stand', 'sit']"
https://www.muscleandstrength.com/exercises/standing-machine-calf-raise,[],[]
https://www.muscleandstrength.com/exercises/seated-dumbbell-calf-raise.html,['dumbbell'],['sit']
https://www.muscleandstrength.com/exercises/reverse-band-deadlift,['bar'],[]
https://www.muscleandstrength.com/exercises/jefferson-deadlift,['bar'],[]
https://www.muscleandstrength.com/exercises/single-leg-snatch-grip-romanian-deadlift,['bar'],[]
https://www.muscleandstrength.com/exercises/45-degress-calf-press.html,[],['sit']
https://www.muscleandstrength.com/exercises/seated-calf-raise.html,['bar'],[]
https://www.muscleandstrength.com/exercises/banded-trap-bar-deficit,['bar'],['stand']
https://www.muscleandstrength.com/exercises/barbell-wrist-curl-over-bench.html,"['bar', 'barbell']",['sit']
https://www.muscleandstrength.com/exercises/cable-hip-abduction.html,['cable'],['stand']
https://www.muscleandstrength.com/exercises/hip-abduction-machine.html,[],[]
https://www.muscleandstrength.com/exercises/weight-plate-pinches.html,[],['stand']
https://www.muscleandstrength.com/exercises/trap-bar-deficit-deadlifts,['bar'],['stand']
https://www.muscleandstrength.com/exercises/v-bar-pull-down,[],[]
https://www.muscleandstrength.com/exercises/trap-bar-farmers-carry,['bar'],['stand']
https://www.muscleandstrength.com/exercises/reverse-preacher-curl.html,"['bar', 'barbell', 'bench']",['sit']
https://www.muscleandstrength.com/exercises/seated-row-using-rope.html,['cable'],['sit']
https://www.muscleandstrength.com/exercises/ez-bar-reverse-grip-barbell-curl.html,['bar'],['stand']
https://www.muscleandstrength.com/exercises/trap-bar-row,['bar'],[]
https://www.muscleandstrength.com/exercises/dumbbell-wrist-curl-over-bench.html,['dumbbell'],[]
https://www.muscleandstrength.com/exercises/incline-bench-cable-row-rope-extension.html,"['bench', 'cable']",[]
https://www.muscleandstrength.com/exercises/seated-high-cable-row.html,"['bench', 'cable']",['sit']
https://www.muscleandstrength.com/exercises/inverted-rope-row,[],[]
https://www.muscleandstrength.com/exercises/reverse-lunge-sled-row,[],[]
https://www.muscleandstrength.com/exercises/deadstop-rack-row,['bar'],[]
https://www.muscleandstrength.com/exercises/smith-machine-one-arm-row.html,['bar'],['stand']
https://www.muscleandstrength.com/exercises/one-arm-bent-over-row.html,['bar'],[]
https://www.muscleandstrength.com/exercises/standing-dumbbell-curl.html,['dumbbell'],['stand']
https://www.muscleandstrength.com/exercises/incline-bench-press.html,['bar'],['lie']
https://www.muscleandstrength.com/exercises/dumbbell-flys.html,"['dumbbell', 'bench']","['sit', 'lay']"
https://www.muscleandstrength.com/exercises/incline-dumbbell-bench-press.html,['dumbbell'],"['sit', 'lay']"
https://www.muscleandstrength.com/exercises/dumbbell-bench-press.html,"['dumbbell', 'bench']","['sit', 'lay']"
https://www.muscleandstrength.com/exercises/figure-4-glute-stretch,[],['supine']
https://www.muscleandstrength.com/exercises/foam-rolling-glutes,[],[]
https://www.muscleandstrength.com/exercises/dynamic-pigeon,[],['sit']
https://www.muscleandstrength.com/exercises/banded-multi-directional-toe-touch,[],[]
https://www.muscleandstrength.com/exercises/x-band-walk,[],['stand']
https://www.muscleandstrength.com/exercises/stiff-leg-deadlift-on-bench.html,"['bar', 'barbell', 'bench']",['stand']
https://www.muscleandstrength.com/exercises/snatch-grip-romanian-deadlift,['bar'],[]
https://www.muscleandstrength.com/exercises/trap-bar-rack-pull,['bar'],['stand']
https://www.muscleandstrength.com/exercises/barbell-sumo-romanian-deadlift,['bar'],[]
https://www.muscleandstrength.com/exercises/smith-machine-stiff-leg-deadlift.html,"['bar', 'barbell']",['stand']
https://www.muscleandstrength.com/exercises/standing-cable-hamstring-curl.html,[],['stand']
https://www.muscleandstrength.com/exercises/trap-bar-deadlift-against-chains,['bar'],[]
https://www.muscleandstrength.com/exercises/exercise-ball-hamstring-curl,['physioball'],['supine']
https://www.muscleandstrength.com/exercises/band-assisted-nordic-hamstring-curl,[],[]
https://www.muscleandstrength.com/exercises/reverse-grip-lat-pull-down.html,[],[]
https://www.muscleandstrength.com/exercises/wide-grip-pull-down,[],[]
https://www.muscleandstrength.com/exercises/pull-up,[],[]
https://www.muscleandstrength.com/exercises/chin-up.html,['bar'],[]
https://www.muscleandstrength.com/exercises/wide-grip-pull-up.html,['bar'],[]
https://www.muscleandstrength.com/exercises/straight-arm-lat-pull-down.html,['bar'],['stand']
https://www.muscleandstrength.com/exercises/reverse-barbell-wrist-curl-over-bench.html,"['barbell', 'bench']",[]
https://www.muscleandstrength.com/exercises/forearm-flexors-lacrosse-balls,[],[]
https://www.muscleandstrength.com/exercises/one-arm-seated-dumbbell-wrist-curl.html,['dumbbell'],['sit']
https://www.muscleandstrength.com/exercises/plate-pinch-carry,[],[]
https://www.muscleandstrength.com/exercises/close-grip-pull-down.html,[],[]
https://www.muscleandstrength.com/exercises/reverse-dumbbell-wrist-curl-over-bench.html,['dumbbell'],[]
https://www.muscleandstrength.com/exercises/farmers-walk,['dumbbell'],['stand']
https://www.muscleandstrength.com/exercises/reverse-barbell-curl.html,['bar'],['stand']
https://www.muscleandstrength.com/exercises/cable-palm-rotational-row.html,['cable'],[]
https://www.muscleandstrength.com/exercises/standing-wrist-curl.html,['barbell'],['stand']
https://www.muscleandstrength.com/exercises/barbell-wrist-curl.html,['bar'],[]
https://www.muscleandstrength.com/exercises/one-arm-machine-row.html,[],['sit']
https://www.muscleandstrength.com/exercises/renegade-row,['dumbbell'],[]
https://www.muscleandstrength.com/exercises/incline-bench-cable-row.html,"['bar', 'bench', 'cable']",[]
https://www.muscleandstrength.com/exercises/rope-crossover-seated-row.html,['cable'],['sit']
https://www.muscleandstrength.com/exercises/lateral-band-walk,[],[]
https://www.muscleandstrength.com/exercises/banded-glute-bridge,[],['supine']
https://www.muscleandstrength.com/exercises/seated-good-mornings.html,"['bar', 'bench']",[]
https://www.muscleandstrength.com/exercises/90-90-piriformis-stretch,[],[]
https://www.muscleandstrength.com/exercises/side-lying-clam-with-band,[],['lie']
https://www.muscleandstrength.com/exercises/sled-pull-through,[],[]
https://www.muscleandstrength.com/exercises/seated-external-rotation,[],[]
https://www.muscleandstrength.com/exercises/knee-to-chest-single-leg-glute-bridge,[],['supine']
https://www.muscleandstrength.com/exercises/diagonal-band-walk,[],[]
https://www.muscleandstrength.com/exercises/bodyweight-hip-thruster,[],['supine']
https://www.muscleandstrength.com/exercises/partner-assisted-nordic-hamstring-curl,[],[]
https://www.muscleandstrength.com/exercises/single-leg-hip-thrust,[],['supine']
https://www.muscleandstrength.com/exercises/one-kettlebell-sumo-deadlift,['kettlebell'],[]
https://www.muscleandstrength.com/exercises/single-leg-valslide-leg-curl,[],['supine']
https://www.muscleandstrength.com/exercises/ghd-back-extension,[],[]
https://www.muscleandstrength.com/exercises/razor-curl,[],[]
https://www.muscleandstrength.com/exercises/banded-hip-thruster,[],"['lay', 'supine']"
https://www.muscleandstrength.com/exercises/single-leg-one-dumbbell-deadlift,['dumbbell'],[]
https://www.muscleandstrength.com/exercises/kettlebell-romanian-deadlift,['kettlebell'],[]
https://www.muscleandstrength.com/exercises/snatch-grip-deadlift,['bar'],[]
https://www.muscleandstrength.com/exercises/lat-pull-down.html,[],[]
https://www.muscleandstrength.com/content/trap-bar-romanian-deadlift,[],['stand']
https://www.muscleandstrength.com/exercises/one-arm-cable-row.html,['cable'],['sit']
https://www.muscleandstrength.com/exercises/chest-supported-dumbbell-row-with-isohold,['dumbbell'],['lie']
https://www.muscleandstrength.com/exercises/single-leg-curl.html,[],['lay']
https://www.muscleandstrength.com/exercises/meadows-row,['barbell'],[]
https://www.muscleandstrength.com/exercises/good-morning-off-pins,['bar'],[]
https://www.muscleandstrength.com/exercises/banded-good-mornings,[],['stand']
https://www.muscleandstrength.com/exercises/reverse-hyperextension,[],['lay']
https://www.muscleandstrength.com/exercises/hip-thruster-with-mini-band,[],['supine']
https://www.muscleandstrength.com/exercises/weighted-hyperextension,[],[]
https://www.muscleandstrength.com/exercises/curtsy-lunge,[],[]
https://www.muscleandstrength.com/exercises/single-leg-hip-thrust-with-dumbbell,[],['supine']
https://www.muscleandstrength.com/exercises/single-leg-glute-bridge,[],['supine']
https://www.muscleandstrength.com/exercises/bodyweight-glute-bridge,[],['supine']
https://www.muscleandstrength.com/exercises/bodyweight-hip-thrust,[],['supine']
https://www.muscleandstrength.com/exercises/side-lying-clam,[],['lie']
https://www.muscleandstrength.com/exercises/1-kettlebell-single-leg-deadlift,['kettlebell'],[]
https://www.muscleandstrength.com/exercises/barbell-glute-bridge,"['bar', 'barbell']","['sit', 'supine', 'lay']"
https://www.muscleandstrength.com/exercises/glute-ham-raise,[],[]
https://www.muscleandstrength.com/exercises/bent-over-kettlebell-row,['kettlebell'],['stand']
https://www.muscleandstrength.com/exercises/high-inverted-row.html,['bar'],[]
https://www.muscleandstrength.com/exercises/pendlay-row,['bar'],[]
https://www.muscleandstrength.com/exercises/reverse-grip-bent-over-row.html,"['bar', 'barbell']",['stand']
https://www.muscleandstrength.com/exercises/smith-machine-bent-over-row.html,['bar'],['stand']
https://www.muscleandstrength.com/exercises/machine-t-bar-row.html,[],['lie']
https://www.muscleandstrength.com/exercises/bent-over-row.html,['bar'],['stand']
https://www.muscleandstrength.com/exercises/smith-machine-bodyweight-row.html,[],[]
https://www.muscleandstrength.com/exercises/chest-supported-dumbbell-row,['dumbbell'],['lie']
https://www.muscleandstrength.com/exercises/tripod-dumbbell-row,"['dumbbell', 'bench']",[]
https://www.muscleandstrength.com/exercises/standing-glute-kickback.html,['bar'],['stand']
https://www.muscleandstrength.com/exercises/incline-bench-two-arm-dumbbell-row.html,['dumbbell'],['lie']
https://www.muscleandstrength.com/exercises/reverse-grip-bent-over-dumbbell-row.html,['dumbbell'],[]
https://www.muscleandstrength.com/exercises/barbell-hip-thrust,['barbell'],['supine']
https://www.muscleandstrength.com/exercises/hyperextension.html,[],[]
https://www.muscleandstrength.com/exercises/good-mornings.html,['bar'],[]
https://www.muscleandstrength.com/exercises/nordic-hamstring-curl-bodyweight,[],[]
https://www.muscleandstrength.com/exercises/sumo-deadlift,['bar'],[]
https://www.muscleandstrength.com/exercises/kettlebell-swing,['kettlebell'],[]
https://www.muscleandstrength.com/exercises/bodyweight-single-leg-deadlift,[],['stand']
https://www.muscleandstrength.com/exercises/landmine-romanian-deadlift,['bar'],"['stand', 'lay']"
https://www.muscleandstrength.com/exercises/trap-bar-deadlift,['bar'],['stand']
https://www.muscleandstrength.com/exercises/reverse-hack-squat.html,['bar'],[]
https://www.muscleandstrength.com/exercises/seated-leg-curl,[],[]
https://www.muscleandstrength.com/exercises/dumbbell-hamstring-curl.html,"['dumbbell', 'bench']",['lie']
https://www.muscleandstrength.com/exercises/rollover-into-v-sits,[],[]
https://www.muscleandstrength.com/exercises/smith-machine-deadlift.html,"['bar', 'barbell']",['stand']
https://www.muscleandstrength.com/exercises/romanian-deadlift,['bar'],[]
https://www.muscleandstrength.com/exercises/leg-curl.html,[],"['lay', 'lie']"
https://www.muscleandstrength.com/exercises/dumbbell-stiff-leg-deadlift.html,['dumbbell'],['stand']
https://www.muscleandstrength.com/exercises/deadlifts.html,['bar'],[]
https://www.muscleandstrength.com/exercises/stiff-leg-deadlift-aka-romanian-deadlift.html,['bar'],[]
https://www.muscleandstrength.com/exercises/dumbbell-deadlift.html,['dumbbell'],['stand']
https://www.muscleandstrength.com/exercises/90-90-hip-crossover,[],['supine']
https://www.muscleandstrength.com/exercises/single-arm-landmine-push-press,['barbell'],['stand']
https://www.muscleandstrength.com/exercises/landmine-lateral-raise,['barbell'],['stand']
https://www.muscleandstrength.com/exercises/z-press,['bar'],['sit']
https://www.muscleandstrength.com/exercises/banded-shoulder-dislocates,[],['stand']
https://www.muscleandstrength.com/exercises/lying-shoulder-press,['dumbbell'],[]
https://www.muscleandstrength.com/exercises/machine-row.html,[],['sit']
https://www.muscleandstrength.com/exercises/arm-circles,[],['stand']
https://www.muscleandstrength.com/exercises/seated-row.html,['bar'],['sit']
https://www.muscleandstrength.com/exercises/one-arm-dumbbell-row.html,['dumbbell'],['stand']
https://www.muscleandstrength.com/exercises/bent-over-dumbbell-row.html,['dumbbell'],['stand']
https://www.muscleandstrength.com/exercises/bent-over-barbell-row.html,['bar'],['stand']
https://www.muscleandstrength.com/exercises/half-squat.html,"['bar', 'barbell']",['stand']
https://www.muscleandstrength.com/exercises/kettlebell-reverse-lunge,[],['stand']
https://www.muscleandstrength.com/exercises/bodyweight-step-up.html,[],['stand']
https://www.muscleandstrength.com/exercises/safety-bar-squat,['bar'],[]
https://www.muscleandstrength.com/exercises/kettlebell-step-up,['kettlebell'],['stand']
https://www.muscleandstrength.com/exercises/1-kb-kettlebell-snatch,['kettlebell'],[]
https://www.muscleandstrength.com/exercises/alternating-small-waves-battling-ropes,[],[]
https://www.muscleandstrength.com/exercises/rotational-med-ball-scoop-toss-facing-wall,[],[]
https://www.muscleandstrength.com/exercises/knee-to-elbow-dumbbell-external-rotation,['dumbbell'],[]
https://www.muscleandstrength.com/exercises/kettlebell-lateral-raise,['kettlebell'],[]
https://www.muscleandstrength.com/exercises/seated-battle-ropes,[],[]
https://www.muscleandstrength.com/exercises/alternate-seated-dumbbell-press.html,"['dumbbell', 'bench']",['sit']
https://www.muscleandstrength.com/exercises/bent-over-cable-rear-delt-fly,[],[]
https://www.muscleandstrength.com/exercises/scapular-wall-slide,[],['stand']
https://www.muscleandstrength.com/exercises/seated-one-arm-dumbbell-lateral-raise.html,['dumbbell'],['sit']
https://www.muscleandstrength.com/exercises/modified-handstand-push-up-off-box,[],[]
https://www.muscleandstrength.com/exercises/speed-squats.html,"['bar', 'barbell']",['stand']
https://www.muscleandstrength.com/exercises/overhead-banded-squat,[],['sit']
https://www.muscleandstrength.com/exercises/anti-rotation-forward-sled-walk,['belt'],[]
https://www.muscleandstrength.com/exercises/incline-bench-dumbbell-lunge.html,['dumbbell'],['stand']
https://www.muscleandstrength.com/exercises/prone-quad-stretch,[],[]
https://www.muscleandstrength.com/exercises/back-squat-against-chains,['bar'],[]
https://www.muscleandstrength.com/exercises/narrow-smith-machine-squat.html,['bar'],"['stand', 'sit']"
https://www.muscleandstrength.com/exercises/backward-sled-push,[],[]
https://www.muscleandstrength.com/exercises/narrow-squat.html,"['bar', 'barbell']",['stand']
https://www.muscleandstrength.com/exercises/walking-barbell-lunge.html,[],['stand']
https://www.muscleandstrength.com/exercises/single-leg-hop,[],[]
https://www.muscleandstrength.com/exercises/zerchers-squat.html,['bar'],['stand']
https://www.muscleandstrength.com/exercises/squat-to-stand,[],['stand']
https://www.muscleandstrength.com/exercises/dumbbell-goblet-box-squat,['dumbbell'],[]
https://www.muscleandstrength.com/exercises/1-kb-kettlebell-clean,['kettlebell'],[]
https://www.muscleandstrength.com/exercises/bodyweight-pistol-squat,[],[]
https://www.muscleandstrength.com/exercises/split-snatch,['bar'],[]
https://www.muscleandstrength.com/exercises/sled-push,[],[]
https://www.muscleandstrength.com/exercises/1-kb-kettlebell-push-press,['kettlebell'],[]
https://www.muscleandstrength.com/exercises/swiss-ball-wall-squat.html,[],['stand']
https://www.muscleandstrength.com/exercises/valslide-reverse-lunge,[],['stand']
https://www.muscleandstrength.com/exercises/wide-stance-45-degree-leg-press.html,[],['sit']
https://www.muscleandstrength.com/exercises/dumbbell-wall-squat.html,['dumbbell'],[]
https://www.muscleandstrength.com/exercises/single-leg-squat-from-bench,[],[]
https://www.muscleandstrength.com/exercises/double-kettlebell-front-squat,['kettlebell'],[]
https://www.muscleandstrength.com/exercises/2-kb-kettlebell-snatch,['kettlebell'],[]
https://www.muscleandstrength.com/exercises/sled-sprint,[],[]
https://www.muscleandstrength.com/exercises/power-jerk,['bar'],['stand']
https://www.muscleandstrength.com/exercises/split-squat-jump,[],[]
https://www.muscleandstrength.com/exercises/barbell-thruster,"['bar', 'barbell']",[]
https://www.muscleandstrength.com/exercises/counterbalanced-skater-squat,[],[]
https://www.muscleandstrength.com/exercises/overhead-squat.html,['bar'],['sit']
https://www.muscleandstrength.com/exercises/reverse-lunge-sled-walk,[],['stand']
https://www.muscleandstrength.com/exercises/one-leg-bodyweight-wall-squat.html,[],[]
https://www.muscleandstrength.com/exercises/front-barbell-step-up,['barbell'],['stand']
https://www.muscleandstrength.com/exercises/front-foot-elevated-dumbbell-split-squat,[],[]
https://www.muscleandstrength.com/exercises/narrow-stance-front-squat,['bar'],['sit']
https://www.muscleandstrength.com/exercises/feet-forward-smith-machine-squat.html,['bar'],"['stand', 'sit']"
https://www.muscleandstrength.com/exercises/front-foot-elevated-smith-machine-split-squat,[],[]
https://www.muscleandstrength.com/exercises/cycled-split-squat-jump,[],[]
https://www.muscleandstrength.com/exercises/squat-to-bench.html,"['bar', 'barbell', 'bench']",['stand']
https://www.muscleandstrength.com/exercises/box-squat-shown-with-bench.html,['bar'],[]
https://www.muscleandstrength.com/exercises/2-kb-kettlebell-split-snatch,['kettlebell'],[]
https://www.muscleandstrength.com/exercises/dumbbell-jumping-squat.html,['dumbbell'],['stand']
https://www.muscleandstrength.com/exercises/split-squat-iso-hold,[],[]
https://www.muscleandstrength.com/exercises/double-kettlebell-split-squat,['kettlebell'],[]
https://www.muscleandstrength.com/exercises/bench-one-leg-dumbbell-squat.html,"['dumbbell', 'bench']",['stand']
https://www.muscleandstrength.com/exercises/wide-stance-front-squat,['bar'],['sit']
https://www.muscleandstrength.com/exercises/foam-rolling-quads,[],[]
https://www.muscleandstrength.com/exercises/split-jerk,['bar'],['stand']
https://www.muscleandstrength.com/exercises/hang-clean,['bar'],['stand']
https://www.muscleandstrength.com/exercises/resistance-band-machine-hack-squat,[],[]
https://www.muscleandstrength.com/exercises/sumo-squat.html,"['bar', 'barbell']",['stand']
https://www.muscleandstrength.com/exercises/smith-machine-one-leg-squat.html,['bar'],['stand']
https://www.muscleandstrength.com/exercises/smith-machine-leg-press,['bar'],['supine']
https://www.muscleandstrength.com/exercises/smith-machine-lunge.html,[],[]
https://www.muscleandstrength.com/exercises/seated-vertical-jump,[],[]
https://www.muscleandstrength.com/exercises/deep-squat.html,"['bar', 'barbell']",['stand']
https://www.muscleandstrength.com/exercises/power-snatch,['bar'],[]
https://www.muscleandstrength.com/exercises/barbell-jumping-squats.html,"['bar', 'barbell']",[]
https://www.muscleandstrength.com/exercises/box-jump,[],[]
https://www.muscleandstrength.com/exercises/barbell-side-lunge.html,[],[]
https://www.muscleandstrength.com/exercises/one-leg-bodyweight-squat.html,[],['stand']
https://www.muscleandstrength.com/exercises/1-dumbbell-step-up,['dumbbell'],['stand']
https://www.muscleandstrength.com/exercises/reverse-lunge-with-twist,[],[]
https://www.muscleandstrength.com/exercises/jerk-balance,['bar'],[]
https://www.muscleandstrength.com/exercises/1-4-squat.html,"['bar', 'barbell']",['stand']
https://www.muscleandstrength.com/exercises/split-squat-with-banded-adduction,[],[]
https://www.muscleandstrength.com/exercises/1-kb-kettlebell-split-snatch,['kettlebell'],[]
https://www.muscleandstrength.com/exercises/smith-machine-zercher-squat.html,['bar'],['stand']
https://www.muscleandstrength.com/exercises/split-clean,['bar'],[]
https://www.muscleandstrength.com/exercises/landmine-reverse-lunge,['barbell'],['stand']
https://www.muscleandstrength.com/exercises/reverse-lunge-with-lateral-flexion,[],['stand']
https://www.muscleandstrength.com/exercises/ipsilateral-load-dumbbell-front-lunge,[],['stand']
https://www.muscleandstrength.com/exercises/offset-single-kettlebell-front-squat,['kettlebell'],[]
https://www.muscleandstrength.com/exercises/narrow-stance-high-bar-squat,['bar'],[]
https://www.muscleandstrength.com/exercises/snatch,['bar'],[]
https://www.muscleandstrength.com/exercises/power-clean-from-blocks,['bar'],[]
https://www.muscleandstrength.com/exercises/dumbbell-goblet-split-squat,['dumbbell'],[]
https://www.muscleandstrength.com/exercises/reverse-lunge-elbow-to-instep-with-rotation,[],['stand']
https://www.muscleandstrength.com/exercises/snatch-balance,['bar'],['stand']
https://www.muscleandstrength.com/exercises/band-resisted-box-squat,['bar'],[]
https://www.muscleandstrength.com/exercises/split-squat,[],[]
https://www.muscleandstrength.com/exercises/dumbbell-thruster,['dumbbell'],[]
https://www.muscleandstrength.com/exercises/overhead-step-up,[],['stand']
https://www.muscleandstrength.com/exercises/wide-hack-squat.html,[],[]
https://www.muscleandstrength.com/exercises/power-clean,['bar'],[]
https://www.muscleandstrength.com/exercises/valslide-lateral-lunge,[],['sit']
https://www.muscleandstrength.com/exercises/ipsilateral-load-dumbbell-reverse-lunge,['dumbbell'],['stand']
https://www.muscleandstrength.com/exercises/back-squat-to-box-against-chains,['bar'],[]
https://www.muscleandstrength.com/exercises/lateral-lunge-to-drop-lunge,[],"['stand', 'sit']"
https://www.muscleandstrength.com/exercises/seated-high-barbell-front-raise.html,"['bar', 'barbell']",['sit']
https://www.muscleandstrength.com/exercises/high-bar-back-squat,['bar'],[]
https://www.muscleandstrength.com/exercises/depth-jump,[],['stand']
https://www.muscleandstrength.com/exercises/narrow-hack-squat.html,[],[]
https://www.muscleandstrength.com/exercises/supinated-90-degree-band-pull-apart,[],[]
https://www.muscleandstrength.com/exercises/shuffle-into-rotational-medicine-ball-throw,[],[]
https://www.muscleandstrength.com/exercises/alternating-waves-with-kneeling-get-ups-battle-ropes,[],['stand']
https://www.muscleandstrength.com/exercises/alternate-lying-dumbbell-reverse-fly.html,"['dumbbell', 'bench']",[]
https://www.muscleandstrength.com/exercises/exercise-ball-lateral-raise.html,['dumbbell'],['sit']
https://www.muscleandstrength.com/exercises/cable-external-rotation,['cable'],[]
https://www.muscleandstrength.com/exercises/face-pull-on-rings,[],['sit']
https://www.muscleandstrength.com/exercises/one-arm-seated-palms-in-dumbbell-press.html,"['dumbbell', 'bench']",['sit']
https://www.muscleandstrength.com/exercises/bent-over-banded-reverse-fly,[],['stand']
https://www.muscleandstrength.com/exercises/reverse-lunge-with-alternating-waves-battle-ropes,[],[]
https://www.muscleandstrength.com/exercises/one-arm-standing-dumbbell-press.html,['dumbbell'],['stand']
https://www.muscleandstrength.com/exercises/standing-dublin-press.html,['dumbbell'],['stand']
https://www.muscleandstrength.com/exercises/anti-gravity-press,"['bar', 'bench']",['lay']
https://www.muscleandstrength.com/exercises/military-press-behind-neck.html,"['bar', 'barbell']",[]
https://www.muscleandstrength.com/exercises/seated-alternate-dumbbell-lateral-raise.html,['dumbbell'],['sit']
https://www.muscleandstrength.com/exercises/seated-cuban-press,"['dumbbell', 'bench']",['sit']
https://www.muscleandstrength.com/exercises/lying-single-arm-trap-raise,[],[]
https://www.muscleandstrength.com/exercises/one-arm-kettlebell-z-press,['kettlebell'],[]
https://www.muscleandstrength.com/exercises/one-arm-seated-dumbbell-press.html,"['dumbbell', 'bench']",['sit']
https://www.muscleandstrength.com/exercises/rotational-med-ball-shuffle-into-shot-put,[],[]
https://www.muscleandstrength.com/exercises/lateral-slam-battle-rope,[],[]
https://www.muscleandstrength.com/exercises/alternate-seated-bent-over-dumbbell-reverse-fly.html,['dumbbell'],['sit']
https://www.muscleandstrength.com/exercises/standing-alternating-front-back-barbell-press.html,"['bar', 'barbell']",[]
https://www.muscleandstrength.com/exercises/single-arm-banded-external-rotation,[],['stand']
https://www.muscleandstrength.com/exercises/tall-kneeling-one-arm-bottoms-up-kettlebell-press,['kettlebell'],[]
https://www.muscleandstrength.com/exercises/one-arm-cable-front-raise.html,[],['stand']
https://www.muscleandstrength.com/exercises/one-arm-seated-arnold-press.html,"['dumbbell', 'bench']",['sit']
https://www.muscleandstrength.com/exercises/spider-crawls,[],['stand']
https://www.muscleandstrength.com/exercises/one-arm-standing-arnold-press.html,['dumbbell'],['stand']
https://www.muscleandstrength.com/exercises/seated-barbell-front-raise.html,"['bar', 'barbell']",['sit']
https://www.muscleandstrength.com/exercises/no-counter-movement-rotational-med-ball-throw,[],[]
https://www.muscleandstrength.com/exercises/tall-kneeling-battle-ropes,[],[]
https://www.muscleandstrength.com/exercises/one-arm-lying-dumbbell-reverse-fly.html,"['dumbbell', 'bench']",[]
https://www.muscleandstrength.com/exercises/pronated-90-degree-band-pull-apart,[],[]
https://www.muscleandstrength.com/exercises/half-kneeling-bottoms-up-kettlebell-press,['kettlebell'],[]
https://www.muscleandstrength.com/exercises/alternate-standing-dumbbell-front-raise.html,['dumbbell'],['stand']
https://www.muscleandstrength.com/exercises/kettlebell-angled-press,['kettlebell'],['stand']
https://www.muscleandstrength.com/exercises/half-kneeling-kettlebell-press,['kettlebell'],[]
https://www.muscleandstrength.com/exercises/cable-face-pull-with-external-rotation,[],[]
https://www.muscleandstrength.com/exercises/dumbbell-6-ways,['dumbbell'],[]
https://www.muscleandstrength.com/exercises/alternate-seated-palms-in-dumbbell-press.html,"['dumbbell', 'bench']",['sit']
https://www.muscleandstrength.com/exercises/lunge-jump-with-alternating-waves-battle-ropes,[],[]
https://www.muscleandstrength.com/exercises/3d-band-pull-apart,[],['stand']
https://www.muscleandstrength.com/exercises/lying-rear-delt-barbell-raise.html,"['bar', 'barbell', 'bench']",[]
https://www.muscleandstrength.com/exercises/one-arm-seated-bent-over-dumbbell-reverse-fly.html,['dumbbell'],['sit']
https://www.muscleandstrength.com/exercises/half-kneeling-battle-ropes,[],[]
https://www.muscleandstrength.com/exercises/kettlebell-arm-bar,['kettlebell'],['lie']
https://www.muscleandstrength.com/exercises/swiss-ball-barbell-press.html,"['bar', 'barbell']",['sit']
https://www.muscleandstrength.com/exercises/back-to-wall-shoulder-flexion,[],['stand']
https://www.muscleandstrength.com/exercises/lying-cable-front-raise.html,"['bar', 'cable']",['lay']
https://www.muscleandstrength.com/exercises/alternate-seated-dumbbell-front-raise.html,"['dumbbell', 'bench']",['sit']
https://www.muscleandstrength.com/exercises/alternating-large-waves-battling-ropes,[],[]
https://www.muscleandstrength.com/exercises/standing-one-arm-kettlebell-press,['kettlebell'],['stand']
https://www.muscleandstrength.com/exercises/alternate-seated-arnold-press.html,"['dumbbell', 'bench']",['sit']
https://www.muscleandstrength.com/exercises/seated-palms-in-dumbbell-press.html,"['dumbbell', 'bench']",['sit']
https://www.muscleandstrength.com/exercises/band-resistance-single-arm-landmine-press,['barbell'],['stand']
https://www.muscleandstrength.com/exercises/rotational-med-ball-throw,[],[]
https://www.muscleandstrength.com/exercises/seated-alternating-front-back-barbell-press.html,"['bar', 'barbell', 'bench']",['sit']
https://www.muscleandstrength.com/exercises/serrano-press,['dumbbell'],[]
https://www.muscleandstrength.com/exercises/dublin-press.html,"['dumbbell', 'bench']",['sit']
https://www.muscleandstrength.com/exercises/rotational-med-ball-shot-put,[],[]
https://www.muscleandstrength.com/exercises/standing-palms-in-dumbbell-press.html,['dumbbell'],['stand']
https://www.muscleandstrength.com/exercises/double-waves-battle-ropes,[],[]
https://www.muscleandstrength.com/exercises/dumbbell-front-raise-on-incline-bench.html,['dumbbell'],[]
https://www.muscleandstrength.com/exercises/one-arm-seated-dumbbell-front-raise.html,"['dumbbell', 'bench']",['sit']
https://www.muscleandstrength.com/exercises/single-arm-landmine-press,['barbell'],['stand']
https://www.muscleandstrength.com/exercises/seated-dumbbell-front-raise.html,['dumbbell'],['sit']
https://www.muscleandstrength.com/exercises/banded-face-pull,[],[]
https://www.muscleandstrength.com/exercises/bus-drivers,[],['stand']
https://www.muscleandstrength.com/exercises/smith-machine-shoulder-press-behind-neck.html,"['bar', 'barbell', 'bench']",['sit']
https://www.muscleandstrength.com/exercises/jumping-jacks-battle-ropes,[],[]
https://www.muscleandstrength.com/exercises/standing-external-rotation-no-money,[],['stand']
https://www.muscleandstrength.com/exercises/lying-dumbbell-reverse-fly.html,"['dumbbell', 'bench']",[]
https://www.muscleandstrength.com/exercises/trap-bar-overhead-press,"['bar', 'barbell']",[]
https://www.muscleandstrength.com/exercises/cable-front-raise.html,['cable'],[]
https://www.muscleandstrength.com/exercises/reverse-fly-on-rings,[],['sit']
https://www.muscleandstrength.com/exercises/swiss-ball-dumbbell-press.html,['dumbbell'],['sit']
https://www.muscleandstrength.com/exercises/reverse-fly-sled-drag,[],[]
https://www.muscleandstrength.com/exercises/high-weight-plate-front-raise.html,[],['stand']
https://www.muscleandstrength.com/exercises/alternate-standing-dumbbell-press.html,['dumbbell'],['stand']
https://www.muscleandstrength.com/exercises/power-slam-battle-rope,[],[]
https://www.muscleandstrength.com/exercises/one-arm-bent-over-dumbbell-reverse-fly.html,['dumbbell'],['stand']
https://www.muscleandstrength.com/exercises/landmine-thruster,['barbell'],['stand']
https://www.muscleandstrength.com/exercises/standing-one-arm-bottoms-up-kettlebell-press,['kettlebell'],['stand']
https://www.muscleandstrength.com/exercises/bent-over-rear-delt-fly-head-on-bench,"['dumbbell', 'bench']",[]
https://www.muscleandstrength.com/exercises/lateral-raise-partials,['dumbbell'],[]
https://www.muscleandstrength.com/exercises/half-kneeling-banded-external-rotation,[],[]
https://www.muscleandstrength.com/exercises/banded-standing-shoulder-press,[],['stand']
https://www.muscleandstrength.com/exercises/seated-kettlebell-press,['kettlebell'],[]
https://www.muscleandstrength.com/exercises/alternate-dumbbell-lateral-raise.html,['dumbbell'],['stand']
https://www.muscleandstrength.com/exercises/rotational-med-ball-step-behind-shot-put,[],[]
https://www.muscleandstrength.com/exercises/banded-upright-row,[],['stand']
https://www.muscleandstrength.com/exercises/bodyweight-side-lunge.html,[],['stand']
https://www.muscleandstrength.com/exercises/one-arm-cable-reverse-fly.html,[],['stand']
https://www.muscleandstrength.com/exercises/reverse-sled-drag,[],[]
https://www.muscleandstrength.com/exercises/kettlebell-goblet-squat,['kettlebell'],[]
https://www.muscleandstrength.com/exercises/half-kneeling-landmine-press,['barbell'],[]
https://www.muscleandstrength.com/exercises/back-to-wall-alternating-shoulder-flexion,[],['stand']
https://www.muscleandstrength.com/exercises/smith-machine-upright-row.html,['bar'],[]
https://www.muscleandstrength.com/exercises/kneeling-posterior-hip-capsule-mobilization,[],[]
https://www.muscleandstrength.com/exercises/cradle-walk,[],['stand']
https://www.muscleandstrength.com/exercises/cradle-walk-to-forward-lunge,[],['stand']
https://www.muscleandstrength.com/exercises/lying-psoas-march,[],['supine']
https://www.muscleandstrength.com/exercises/hip-flexor-lacrosse-ball,[],['lie']
https://www.muscleandstrength.com/exercises/foam-rolling-hip-flexor,[],[]
https://www.muscleandstrength.com/exercises/standing-hip-flexion-with-bands,[],['stand']
https://www.muscleandstrength.com/exercises/fire-hydrant-circles,[],[]
https://www.muscleandstrength.com/exercises/single-leg-extension.html,[],['sit']
https://www.muscleandstrength.com/exercises/barbell-step-ups.html,['barbell'],['stand']
https://www.muscleandstrength.com/exercises/pit-shark-belt-squat,['belt'],['stand']
https://www.muscleandstrength.com/exercises/smith-machine-front-squat.html,['bar'],['sit']
https://www.muscleandstrength.com/exercises/foam-rolling-it-band,[],['lie']
https://www.muscleandstrength.com/exercises/one-leg-45-degree-leg-press.html,[],['sit']
https://www.muscleandstrength.com/exercises/dumbbell-side-lunge.html,['dumbbell'],['stand']
https://www.muscleandstrength.com/exercises/bodyweight-lunge.html,[],['stand']
https://www.muscleandstrength.com/exercises/barbell-rear-lunge.html,[],['stand']
https://www.muscleandstrength.com/exercises/bodyweight-squat.html,[],['stand']
https://www.muscleandstrength.com/exercises/landmine-goblet-squat,[],[]
https://www.muscleandstrength.com/exercises/cable-upright-row.html,['cable'],['stand']
https://www.muscleandstrength.com/exercises/bodyweight-jump-squat.html,[],['stand']
https://www.muscleandstrength.com/exercises/dumbbell-reverse-fly-on-incline-bench.html,['dumbbell'],[]
https://www.muscleandstrength.com/exercises/barbell-lunge.html,"['bar', 'barbell']",['stand']
https://www.muscleandstrength.com/exercises/band-pull-apart,[],[]
https://www.muscleandstrength.com/exercises/clean-press.html,"['bar', 'barbell']",['stand']
https://www.muscleandstrength.com/exercises/banded-lateral-raise,[],['stand']
https://www.muscleandstrength.com/exercises/dumbbell-tate-press,['dumbbell'],"['sit', 'lay']"
https://www.muscleandstrength.com/exercises/weight-plate-front-raise.html,[],['stand']
https://www.muscleandstrength.com/exercises/one-arm-standing-dumbbell-front-raise.html,['dumbbell'],['stand']
https://www.muscleandstrength.com/exercises/push-press,"['bar', 'barbell']",[]
https://www.muscleandstrength.com/exercises/standing-low-pulley-overhead-tricep-extension.html,['bar'],['stand']
https://www.muscleandstrength.com/exercises/one-arm-pronated-dumbbell-extension.html,['dumbbell'],"['sit', 'lay']"
https://www.muscleandstrength.com/exercises/reverse-grip-one-arm-tricep-pushdown.html,[],['stand']
https://www.muscleandstrength.com/exercises/decline-close-grip-bench-press.html,['bar'],['lie']
https://www.muscleandstrength.com/exercises/single-bench-dip.html,[],[]
https://www.muscleandstrength.com/exercises/one-arm-bent-over-dumbbell-kickback.html,['dumbbell'],['stand']
https://www.muscleandstrength.com/exercises/twisting-dumbbell-bench-press.html,['dumbbell'],['lie']
https://www.muscleandstrength.com/exercises/dumbbell-walking-lunge.html,[],['stand']
https://www.muscleandstrength.com/exercises/three-bench-dip.html,[],[]
https://www.muscleandstrength.com/exercises/seated-low-pulley-overhead-tricep-extension.html,"['bar', 'bench']",['sit']
https://www.muscleandstrength.com/exercises/ez-bar-incline-skullcrusher.html,['bar'],"['sit', 'supine', 'lay']"
https://www.muscleandstrength.com/exercises/decline-lying-dumbbell-extension.html,['dumbbell'],['lay']
https://www.muscleandstrength.com/exercises/overhead-banded-tricep-extension,[],['stand']
https://www.muscleandstrength.com/exercises/decline-lying-tricep-extension-skullcrusher.html,['bar'],"['sit', 'supine', 'lay']"
https://www.muscleandstrength.com/exercises/one-arm-seated-overhead-tricep-extension.html,['bench'],['sit']
https://www.muscleandstrength.com/exercises/cable-concentration-tricep-extension.html,['cable'],[]
https://www.muscleandstrength.com/exercises/alternate-seated-bent-over-dumbbell-kickback.html,['dumbbell'],['sit']
https://www.muscleandstrength.com/exercises/alternate-lying-dumbbell-extension.html,"['dumbbell', 'bench']","['sit', 'lay']"
https://www.muscleandstrength.com/exercises/seated-ez-bar-french-press,['bar'],['sit']
https://www.muscleandstrength.com/exercises/lying-cable-tricep-extension.html,['bar'],['lie']
https://www.muscleandstrength.com/exercises/close-grip-ez-bar-press,['bar'],"['sit', 'supine', 'lay']"
https://www.muscleandstrength.com/exercises/alternate-bent-over-dumbbell-kickback.html,['dumbbell'],[]
https://www.muscleandstrength.com/exercises/two-arm-cable-tricep-kickback.html,[],[]
https://www.muscleandstrength.com/exercises/reverse-grip-close-grip-bench-press.html,"['bar', 'barbell']",['lay']
https://www.muscleandstrength.com/exercises/tricep-tiger-tail,[],[]
https://www.muscleandstrength.com/exercises/smith-machine-reverse-close-grip-bench-press.html,[],[]
https://www.muscleandstrength.com/exercises/close-grip-chest-press.html,"['bar', 'barbell']",['lay']
https://www.muscleandstrength.com/exercises/lying-on-floor-tricep-extension-(rope-extension).html,[],['lie']
https://www.muscleandstrength.com/exercises/lying-barbell-reverse-extension.html,['bar'],"['sit', 'lay', 'lie']"
https://www.muscleandstrength.com/exercises/ring-dip,[],[]
https://www.muscleandstrength.com/exercises/lying-single-dumbbell-extension.html,['dumbbell'],"['sit', 'lie']"
https://www.muscleandstrength.com/exercises/weighted-bench-dips.html,['bench'],[]
https://www.muscleandstrength.com/exercises/rolling-dumbbell-extension,"['dumbbell', 'bench']","['sit', 'lay']"
https://www.muscleandstrength.com/exercises/incline-close-grip-bench-press.html,['bar'],['lie']
https://www.muscleandstrength.com/exercises/reverse-grip-cable-tricep-kickback.html,[],[]
https://www.muscleandstrength.com/exercises/smith-machine-incline-tricep-extension.html,"['bar', 'bench']",['lay']
https://www.muscleandstrength.com/exercises/california-skullcrusher,['bar'],"['sit', 'supine', 'lay']"
https://www.muscleandstrength.com/exercises/machine-tricep-extension,[],[]
https://www.muscleandstrength.com/exercises/one-arm-standing-overhead-cable-tricep-extension.html,[],[]
https://www.muscleandstrength.com/exercises/reverse-grip-skullcrusher.html,"['bar', 'barbell']","['sit', 'lay']"
https://www.muscleandstrength.com/exercises/seated-bent-over-dumbbell-kickback.html,['dumbbell'],['sit']
https://www.muscleandstrength.com/exercises/cable-tricep-kickback.html,['cable'],[]
https://www.muscleandstrength.com/exercises/kneeling-overhead-tricep-extension-over-flat-bench.html,"['bar', 'bench']",[]
https://www.muscleandstrength.com/exercises/exercise-ball-one-arm-dumbbell-extension.html,['dumbbell'],['sit']
https://www.muscleandstrength.com/exercises/standing-overhead-ez-bar-tricep-extension,['bar'],['stand']
https://www.muscleandstrength.com/exercises/smith-machine-close-grip-bench-press.html,['bar'],['lay']
https://www.muscleandstrength.com/exercises/reverse-grip-one-arm-seated-overhead-tricep-extension.html,['bench'],['sit']
https://www.muscleandstrength.com/exercises/one-arm-seated-bent-over-dumbbell-kickback.html,['dumbbell'],['sit']
https://www.muscleandstrength.com/exercises/seated-low-pulley-overhead-tricep-extension-(rope-extension).html,['bench'],['sit']
https://www.muscleandstrength.com/exercises/exercise-ball-two-arm-dumbbell-extension.html,['dumbbell'],['sit']
https://www.muscleandstrength.com/exercises/reverse-grip-french-press.html,"['bar', 'barbell']",['stand']
https://www.muscleandstrength.com/exercises/swiss-ball-french-press.html,"['bar', 'barbell']",['sit']
https://www.muscleandstrength.com/exercises/close-grip-press-behind-neck.html,['bar'],['sit']
https://www.muscleandstrength.com/exercises/triceps-lacrosse-ball,[],[]
https://www.muscleandstrength.com/exercises/sphinx-push-up,[],[]
https://www.muscleandstrength.com/exercises/banded-skullcrusher,['bar'],"['supine', 'lay']"
https://www.muscleandstrength.com/exercises/close-grip-pin-press,['bar'],"['supine', 'lie']"
https://www.muscleandstrength.com/exercises/inline-bench-french-press.html,['bar'],['sit']
https://www.muscleandstrength.com/exercises/reverse-grip-one-arm-standing-overhead-cable-tricep-extension.html,[],[]
https://www.muscleandstrength.com/exercises/overhead-tricep-extension-sled-drag,[],[]
https://www.muscleandstrength.com/exercises/standing-two-arm-tricep-cable-extension.html,['cable'],['stand']
https://www.muscleandstrength.com/exercises/pile-squat.html,['dumbbell'],['stand']
https://www.muscleandstrength.com/exercises/bodyweight-walking-lunge.html,[],['stand']
https://www.muscleandstrength.com/exercises/front-squat.html,['bar'],['sit']
https://www.muscleandstrength.com/exercises/one-leg-dumbbell-squat-aka-bulgarian-squat.html,['dumbbell'],[]
https://www.muscleandstrength.com/exercises/kettlebell-halo,['kettlebell'],['stand']
https://www.muscleandstrength.com/exercises/dumbbell-upright-row.html,['dumbbell'],[]
https://www.muscleandstrength.com/exercises/hack-squat.html,[],[]
https://www.muscleandstrength.com/exercises/one-arm-dumbbell-lateral-raise.html,['dumbbell'],['stand']
https://www.muscleandstrength.com/exercises/frog-squat.html,['dumbbell'],['stand']
https://www.muscleandstrength.com/exercises/standing-arnold-press.html,['dumbbell'],['stand']
https://www.muscleandstrength.com/exercises/barbell-front-raise.html,['bar'],[]
https://www.muscleandstrength.com/exercises/dumbbell-front-raise.html,['dumbbell'],['stand']
https://www.muscleandstrength.com/exercises/machine-lateral-raise.html,[],['sit']
https://www.muscleandstrength.com/exercises/machine-reverse-fly,[],[]
https://www.muscleandstrength.com/exercises/one-arm-cable-extension.html,[],['stand']
https://www.muscleandstrength.com/exercises/machine-shoulder-press,[],[]
https://www.muscleandstrength.com/exercises/one-arm-kettlebell-floor-press,[],"['lay', 'lie']"
https://www.muscleandstrength.com/exercises/dumbbell-reverse-fly.html,['dumbbell'],['sit']
https://www.muscleandstrength.com/exercises/band-assisted-dip,[],[]
https://www.muscleandstrength.com/exercises/lying-pronated-dumbbell-tricep-extension,['dumbbell'],"['sit', 'lay']"
https://www.muscleandstrength.com/exercises/two-arm-cable-lateral-raise.html,[],['stand']
https://www.muscleandstrength.com/exercises/dumbbell-lunge.html,['dumbbell'],['stand']
https://www.muscleandstrength.com/exercises/leg-extension.html,[],['sit']
https://www.muscleandstrength.com/exercises/standing-cable-flys.html,[],[]
https://www.muscleandstrength.com/exercises/45-degree-leg-press.html,[],['sit']
https://www.muscleandstrength.com/exercises/seated-barbell-press-behind-neck.html,"['bar', 'barbell', 'bench']","['stand', 'sit']"
https://www.muscleandstrength.com/exercises/dumbbell-squat.html,['dumbbell'],['stand']
https://www.muscleandstrength.com/exercises/seated-arnold-press.html,"['dumbbell', 'bench']",['sit']
https://www.muscleandstrength.com/exercises/smith-machine-shoulder-press.html,"['bar', 'bench']",['sit']
https://www.muscleandstrength.com/exercises/one-arm-cable-lateral-raise.html,['cable'],[]
https://www.muscleandstrength.com/exercises/seated-dumbbell-lateral-raise.html,['dumbbell'],['sit']
https://www.muscleandstrength.com/exercises/cable-face-pull,[],[]
https://www.muscleandstrength.com/exercises/seated-dumbbell-press.html,"['dumbbell', 'bench']",['sit']
https://www.muscleandstrength.com/exercises/standing-dumbbell-press.html,['dumbbell'],['stand']
https://www.muscleandstrength.com/exercises/seated-shoulder-press.html,"['bar', 'barbell', 'bench']","['stand', 'sit']"
https://www.muscleandstrength.com/exercises/split-stance-cable-chop,['cable'],[]
https://www.muscleandstrength.com/exercises/incline-two-arm-dumbbell-extension.html,['dumbbell'],['lay']
https://www.muscleandstrength.com/exercises/overhead-tricep-extension.html,['cable'],['stand']
https://www.muscleandstrength.com/exercises/back-of-the-head-lying-tricep-extension.html,"['bar', 'barbell']","['sit', 'lay', 'lie']"
https://www.muscleandstrength.com/exercises/high-pulley-overhead-tricep-extension.html,['bar'],[]
https://www.muscleandstrength.com/exercises/half-kneeling-cable-chop,['cable'],[]
https://www.muscleandstrength.com/exercises/tall-kneeling-cable-lift,['cable'],[]
https://www.muscleandstrength.com/exercises/off-bench-oblique-hold,[],[]
https://www.muscleandstrength.com/exercises/low-wood-chop.html,['cable'],[]
https://www.muscleandstrength.com/exercises/split-stance-cable-lift,['cable'],[]
https://www.muscleandstrength.com/exercises/tall-kneeling-cable-chop,['cable'],[]
https://www.muscleandstrength.com/exercises/side-plank-with-hip-dip,[],['lie']
https://www.muscleandstrength.com/exercises/landmine-rotation,['barbell'],[]
https://www.muscleandstrength.com/exercises/side-crunch.html,[],"['supine', 'lay']"
https://www.muscleandstrength.com/exercises/wood-chop.html,['cable'],[]
https://www.muscleandstrength.com/exercises/half-kneeling-cable-lift,['cable'],[]
https://www.muscleandstrength.com/exercises/standing-low-pulley-overhead-tricep-extension-(rope-extension).html,[],['stand']
https://www.muscleandstrength.com/exercises/eccentric-only-dip,[],[]
https://www.muscleandstrength.com/exercises/squat.html,"['bar', 'barbell']",['stand']
https://www.muscleandstrength.com/exercises/bent-over-dumbbell-reverse-fly.html,['dumbbell'],[]
https://www.muscleandstrength.com/exercises/incline-skullcrusher.html,"['barbell', 'bench']","['sit', 'lay']"
https://www.muscleandstrength.com/exercises/close-grip-push-up.html,[],[]
https://www.muscleandstrength.com/exercises/military-press.html,"['bar', 'barbell']",[]
https://www.muscleandstrength.com/exercises/dumbbell-lateral-raise.html,['dumbbell'],['stand']
https://www.muscleandstrength.com/exercises/cable-tricep-extension-with-v-bar.html,[],['stand']
https://www.muscleandstrength.com/exercises/reverse-grip-tricep-extension.html,[],['stand']
https://www.muscleandstrength.com/exercises/overhead-barbell-extension.html,"['bar', 'barbell', 'bench']",['sit']
https://www.muscleandstrength.com/exercises/tricep-kickback.html,"['dumbbell', 'bench']",['sit']
https://www.muscleandstrength.com/exercises/one-arm-seated-dumbbell-extension.html,['dumbbell'],['sit']
https://www.muscleandstrength.com/exercises/weighted-tricep-dips.html,[],[]
https://www.muscleandstrength.com/exercises/one-arm-dumbbell-extension.html,[],[]
https://www.muscleandstrength.com/exercises/tricep-bench-dip.html,['bench'],[]
https://www.muscleandstrength.com/exercises/close-grip-bench-press.html,['bar'],['lie']
https://www.muscleandstrength.com/exercises/two-arm-standing-dumbbell-extension.html,['dumbbell'],['stand']
https://www.muscleandstrength.com/exercises/bent-over-dumbbell-kickback.html,['dumbbell'],['stand']
https://www.muscleandstrength.com/exercises/tricep-dip.html,[],[]
https://www.muscleandstrength.com/exercises/french-press.html,"['bar', 'barbell']",['stand']
https://www.muscleandstrength.com/exercises/lying-tricep-extension.html,"['bar', 'barbell']","['sit', 'lay', 'lie']"
https://www.muscleandstrength.com/exercises/two-arm-dumbbell-extension.html,['dumbbell'],['sit']
https://www.muscleandstrength.com/exercises/dumbbell-floor-press.html,['dumbbell'],"['sit', 'lay']"
https://www.muscleandstrength.com/exercises/cable-row-to-neck.html,[],['sit']
https://www.muscleandstrength.com/exercises/ez-bar-skullcrusher.html,['bar'],"['sit', 'supine', 'lay']"
https://www.muscleandstrength.com/exercises/lying-dumbbell-extension.html,['dumbbell'],"['sit', 'lie']"
https://www.muscleandstrength.com/exercises/rope-tricep-extension.html,['cable'],['stand']
https://www.muscleandstrength.com/exercises/tricep-extension.html,[],['stand']
https://www.muscleandstrength.com/exercises/neck-tiger-tail,[],[]
https://www.muscleandstrength.com/exercises/tate-press.html,['dumbbell'],['lie']
https://www.muscleandstrength.com/exercises/clean-shrug,['bar'],['stand']
https://www.muscleandstrength.com/exercises/seated-cable-shrug.html,['bar'],['sit']
https://www.muscleandstrength.com/exercises/palmar-fascia-lacrosse-ball,[],[]
https://www.muscleandstrength.com/exercises/overhead-barbell-shrug,['bar'],[]
https://www.muscleandstrength.com/exercises/snatch-grip-barbell-shrug,['bar'],['stand']
https://www.muscleandstrength.com/exercises/lying-cable-shrug.html,['bar'],['lie']
https://www.muscleandstrength.com/exercises/trap-lacrosse-ball,[],['supine']
https://www.muscleandstrength.com/exercises/machine-shrug,[],['stand']
https://www.muscleandstrength.com/exercises/sumo-high-pull,['bar'],[]
https://www.muscleandstrength.com/exercises/snatch-shrug,['bar'],['stand']
https://www.muscleandstrength.com/exercises/inverted-shrug,['bar'],['supine']
https://www.muscleandstrength.com/exercises/gittleson-shrug,['dumbbell'],['sit']
https://www.muscleandstrength.com/exercises/2-kb-kettlebell-sumo-deadlift-high-pull,['kettlebell'],[]
https://www.muscleandstrength.com/exercises/t-bar-machine-shrug,[],[]
https://www.muscleandstrength.com/exercises/standing-calf-machine-shrug,[],['stand']
https://www.muscleandstrength.com/exercises/high-pull,['bar'],[]
https://www.muscleandstrength.com/exercises/1-kb-kettlebell-sumo-deadlift-high-pull,['kettlebell'],[]
https://www.muscleandstrength.com/exercises/trap-bar-shrug,['bar'],['stand']
https://www.muscleandstrength.com/exercises/smith-machine-shrug.html,"['bar', 'barbell']",['stand']
https://www.muscleandstrength.com/exercises/lying-cable-upright-row.html,['bar'],['lie']
https://www.muscleandstrength.com/exercises/behind-the-back-barbell-shrug.html,"['bar', 'barbell']",['stand']
https://www.muscleandstrength.com/exercises/snatch-grip-high-pull,['bar'],[]
https://www.muscleandstrength.com/exercises/cable-shrug.html,[],['stand']
https://www.muscleandstrength.com/exercises/one-arm-dumbbell-upright-row.html,['dumbbell'],['stand']
https://www.muscleandstrength.com/exercises/seated-dumbbell-shrug.html,['dumbbell'],['sit']
https://www.muscleandstrength.com/exercises/plantar-fascia-lacrosse-ball,[],['stand']
https://www.muscleandstrength.com/exercises/dumbbell-shrugs.html,['dumbbell'],['stand']
https://www.muscleandstrength.com/exercises/upright-row.html,"['bar', 'barbell']",['stand']
